James,Butt,6649 N Blue Gum St,New Orleans,Orleans,LA,1956-02-15,70116,504-621-8927,504-845-1427,jbutt@gmail.com,http://www.bentonjohnbjr.com,gmail.com,64
Josephine,Darakjy,4 B Blue Ridge Blvd,Brighton,Livingston,MI,1988-07-15,48116,810-292-9388,810-374-9840,josephine_darakjy@darakjy.org,http://www.chanayjeffreyaesq.com,darakjy.org,31
Art,Venere,8 W Cerritos Ave #54,Bridgeport,Gloucester,NJ,1988-03-10,8014,856-636-8749,856-264-4130,art@venere.org,http://www.chemeljameslcpa.com,venere.org,32
Lenna,Paprocki,639 Main St,Anchorage,Anchorage,AK,1991-09-11,99501,907-385-4412,907-921-2010,lpaprocki@hotmail.com,http://www.feltzprintingservice.com,hotmail.com,28
Donette,Foller,34 Center St,Hamilton,Butler,OH,1955-06-01,45011,513-570-1893,513-549-4561,donette.foller@cox.net,http://www.printingdimensions.com,cox.net,64
Simona,Morasca,3 Mcauley Dr,Ashland,Ashland,OH,1995-01-26,44805,419-503-2484,419-800-6759,simona@morasca.com,http://www.chapmanrosseesq.com,morasca.com,25
Mitsue,Tollner,7 Eads St,Chicago,Cook,IL,1970-08-27,60632,773-573-6914,773-924-8565,mitsue_tollner@yahoo.com,http://www.morlongassociates.com,yahoo.com,49
Leota,Dilliard,7 W Jackson Blvd,San Jose,Santa Clara,CA,1981-07-03,95111,408-752-3500,408-813-1105,leota@hotmail.com,http://www.commercialpress.com,hotmail.com,38
Sage,Wieser,5 Boston Ave #88,Sioux Falls,Minnehaha,SD,1959-05-11,57105,605-414-2147,605-794-4895,sage_wieser@cox.net,http://www.truhlarandtruhlarattys.com,cox.net,60
Kris,Marrier,228 Runamuck Pl #2808,Baltimore,Baltimore City,MD,1983-12-19,21224,410-655-8723,410-804-4694,kris@gmail.com,http://www.kingchristopheraesq.com,gmail.com,36
Minna,Amigon,2371 Jerrold Ave,Kulpsville,Montgomery,PA,1985-01-22,19443,215-874-1229,215-422-8694,minna_amigon@yahoo.com,http://www.dorljamesjesq.com,yahoo.com,35
Abel,Maclead,37275 St  Rt 17m M,Middle Island,Suffolk,NY,2000-05-13,11953,631-335-3414,631-677-3675,amaclead@gmail.com,http://www.rangoniofflorence.com,gmail.com,19
Kiley,Caldarera,25 E 75th St #69,Los Angeles,Los Angeles,CA,1992-02-19,90034,310-498-5651,310-254-3084,kiley.caldarera@aol.com,http://www.feinerbros.com,aol.com,28
Graciela,Ruta,98 Connecticut Ave Nw,Chagrin Falls,Geauga,OH,1985-06-24,44023,440-780-8425,440-579-7763,gruta@cox.net,http://www.buckleymillerwright.com,cox.net,34
Cammy,Albares,56 E Morehead St,Laredo,Webb,TX,1995-04-27,78045,956-537-6195,956-841-7216,calbares@gmail.com,http://www.rousseauxmichaelesq.com,gmail.com,25
Mattie,Poquette,73 State Road 434 E,Phoenix,Maricopa,AZ,1987-09-02,85013,602-277-4385,602-953-6360,mattie@aol.com,http://www.centurycommunications.com,aol.com,32
Meaghan,Garufi,69734 E Carrillo St,Mc Minnville,Warren,TN,1998-09-12,37110,931-313-9635,931-235-7959,meaghan@hotmail.com,http://www.boltonwilburesq.com,hotmail.com,21
Gladys,Rim,322 New Horizon Blvd,Milwaukee,Milwaukee,WI,1985-01-02,53207,414-661-9598,414-377-2880,gladys.rim@rim.org,http://www.tmbyxbeecompanypc.com,rim.org,35
Yuki,Whobrey,1 State Route 27,Taylor,Wayne,MI,1989-02-09,48180,313-288-7937,313-341-4470,yuki_whobrey@aol.com,http://www.farmersinsurancegroup.com,aol.com,31
Fletcher,Flosi,394 Manchester Blvd,Rockford,Winnebago,IL,1997-12-27,61109,815-828-2147,815-426-5657,fletcher.flosi@yahoo.com,http://www.postboxservicesplus.com,yahoo.com,22
Bette,Nicka,6 S 33rd St,Aston,Delaware,PA,1987-01-06,19014,610-545-3615,610-492-4643,bette_nicka@cox.net,http://www.sportenart.com,cox.net,33
Veronika,Inouye,6 Greenleaf Ave,San Jose,Santa Clara,CA,1997-04-25,95111,408-540-1785,408-813-4592,vinouye@aol.com,http://www.cnetworkinc.com,aol.com,23
Willard,Kolmetz,618 W Yakima Ave,Irving,Dallas,TX,1981-11-23,75062,972-303-9197,972-896-4882,willard@hotmail.com,http://www.ingallsdonaldresq.com,hotmail.com,38
Maryann,Royster,74 S Westgate St,Albany,Albany,NY,1984-10-02,12204,518-966-7987,518-448-8982,mroyster@royster.com,http://www.franklinpeterlesq.com,royster.com,35
Alisha,Slusarski,3273 State St,Middlesex,Middlesex,NJ,1960-10-13,8846,732-658-3154,732-635-3453,alisha@slusarski.com,http://www.wtlzpowerfm.com,slusarski.com,59
Allene,Iturbide,1 Central Ave,Stevens Point,Portage,WI,1998-04-19,54481,715-662-6764,715-530-9863,allene_iturbide@cox.net,http://www.ledeckydavidesq.com,cox.net,22
Chanel,Caudy,86 Nw 66th St #8673,Shawnee,Johnson,KS,1960-05-21,66218,913-388-2079,913-899-1103,chanel.caudy@caudy.org,http://www.professionalimageinc.com,caudy.org,59
Ezekiel,Chui,2 Cedar Ave #84,Easton,Talbot,MD,1963-03-15,21601,410-669-1642,410-235-8738,ezekiel@chui.com,http://www.siderdonaldcesq.com,chui.com,57
Willow,Kusko,90991 Thorburn Ave,New York,New York,NY,1984-01-21,10011,212-582-4976,212-934-5167,wkusko@yahoo.com,http://www.upullit.com,yahoo.com,36
Bernardo,Figeroa,386 9th Ave N,Conroe,Montgomery,TX,1981-01-17,77301,936-336-3951,936-597-3614,bfigeroa@aol.com,http://www.clarkrichardcpa.com,aol.com,39
Ammie,Corrio,74874 Atlantic Ave,Columbus,Franklin,OH,1979-03-21,43215,614-801-9788,614-648-3265,ammie@corrio.com,http://www.moskowitzbarrys.com,corrio.com,41
Francine,Vocelka,366 South Dr,Las Cruces,Dona Ana,NM,1969-02-10,88011,505-977-3911,505-335-5293,francine_vocelka@vocelka.com,http://www.cascaderealtyadvisorsinc.com,vocelka.com,51
Ernie,Stenseth,45 E Liberty St,Ridgefield Park,Bergen,NJ,1998-04-08,7660,201-709-6245,201-387-9093,ernie_stenseth@aol.com,http://www.knwznewsradio.com,aol.com,22
Albina,Glick,4 Ralph Ct,Dunellen,Middlesex,NJ,1988-12-15,8812,732-924-7882,732-782-6701,albina@glick.com,http://www.giampetroanthonyd.com,glick.com,31
Alishia,Sergi,2742 Distribution Way,New York,New York,NY,2001-07-26,10025,212-860-1579,212-753-2740,asergi@gmail.com,http://www.milfordenterprisesinc.com,gmail.com,18
Solange,Shinko,426 Wolf St,Metairie,Jefferson,LA,1984-11-08,70002,504-979-9175,504-265-8174,solange@shinko.com,http://www.mosoccoronalda.com,shinko.com,35
Jose,Stockham,128 Bransten Rd,New York,New York,NY,2000-02-19,10011,212-675-8570,212-569-4233,jose@yahoo.com,http://www.tristaterefuelerco.com,yahoo.com,20
Rozella,Ostrosky,17 Morena Blvd,Camarillo,Ventura,CA,2001-05-17,93012,805-832-6163,805-609-1531,rozella.ostrosky@ostrosky.com,http://www.parkwaycompany.com,ostrosky.com,18
Valentine,Gillian,775 W 17th St,San Antonio,Bexar,TX,1962-08-06,78204,210-812-9597,210-300-6244,valentine_gillian@gmail.com,http://www.fbsbusinessfinance.com,gmail.com,57
Kati,Rulapaugh,6980 Dorsett Rd,Abilene,Dickinson,KS,2001-07-09,67410,785-463-7829,785-219-7724,kati.rulapaugh@hotmail.com,http://www.ederassocsconsltngengrspc.com,hotmail.com,18
Youlanda,Schemmer,2881 Lewis Rd,Prineville,Crook,OR,1962-02-14,97754,541-548-8197,541-993-2611,youlanda@aol.com,http://www.trimtoolinc.com,aol.com,58
Dyan,Oldroyd,7219 Woodfield Rd,Overland Park,Johnson,KS,2000-11-23,66204,913-413-4604,913-645-8918,doldroyd@aol.com,http://www.internationaleyeletsinc.com,aol.com,19
Roxane,Campain,1048 Main St,Fairbanks,Fairbanks North Star,AK,1978-06-25,99708,907-231-4722,907-335-6568,roxane@hotmail.com,http://www.rapidtradingintl.com,hotmail.com,41
Lavera,Perin,678 3rd Ave,Miami,Miami-Dade,FL,1965-05-07,33196,305-606-7291,305-995-2078,lperin@perin.org,http://www.abcenterprisesinc.com,perin.org,55
Erick,Ferencz,20 S Babcock St,Fairbanks,Fairbanks North Star,AK,1967-12-21,99712,907-741-1044,907-227-6777,erick.ferencz@aol.com,http://www.cindyturnerassociates.com,aol.com,52
Fatima,Saylors,2 Lighthouse Ave,Hopkins,Hennepin,MN,1956-01-03,55343,952-768-2416,952-479-2375,fsaylors@saylors.org,http://www.stantonjamesdesq.com,saylors.org,64
Jina,Briddick,38938 Park Blvd,Boston,Suffolk,MA,1985-12-19,2128,617-399-5124,617-997-5771,jina_briddick@briddick.com,http://www.gracepastriesinc.com,briddick.com,34
Kanisha,Waycott,5 Tomahawk Dr,Los Angeles,Los Angeles,CA,1981-05-05,90006,323-453-2780,323-315-7314,kanisha_waycott@yahoo.com,http://www.schroergeneeesq.com,yahoo.com,39
Emerson,Bowley,762 S Main St,Madison,Dane,WI,1963-01-18,53711,608-336-7444,608-658-7940,emerson.bowley@bowley.org,http://www.knightsinn.com,bowley.org,57
Blair,Malet,209 Decker Dr,Philadelphia,Philadelphia,PA,1969-01-23,19132,215-907-9111,215-794-4519,bmalet@yahoo.com,http://www.bollingermachshpshipyard.com,yahoo.com,51
Brock,Bolognia,4486 W O St #1,New York,New York,NY,1982-02-16,10003,212-402-9216,212-617-5063,bbolognia@yahoo.com,http://www.orindanews.com,yahoo.com,38
Lorrie,Nestle,39 S 7th St,Tullahoma,Coffee,TN,1984-10-21,37388,931-875-6644,931-303-6041,lnestle@hotmail.com,http://www.ballardspahrandrews.com,hotmail.com,35
Sabra,Uyetake,98839 Hawthorne Blvd #6101,Columbia,Richland,SC,1995-03-02,29201,803-925-5213,803-681-3678,sabra@uyetake.org,http://www.lowylimousineservice.com,uyetake.org,25
Marjory,Mastella,71 San Mateo Ave,Wayne,Delaware,PA,1983-01-25,19087,610-814-5533,610-379-7125,mmastella@mastella.com,http://www.viconcorporation.com,mastella.com,37
Karl,Klonowski,76 Brooks St #9,Flemington,Hunterdon,NJ,2002-05-16,8822,908-877-6135,908-470-4661,karl_klonowski@yahoo.com,http://www.rossimichaelm.com,yahoo.com,17
Tonette,Wenner,4545 Courthouse Rd,Westbury,Nassau,NY,1957-06-15,11590,516-968-6051,516-333-4861,twenner@aol.com,http://www.northwestpublishing.com,aol.com,62
Amber,Monarrez,14288 Foster Ave #4121,Jenkintown,Montgomery,PA,1979-11-12,19046,215-934-8655,215-329-6386,amber_monarrez@monarrez.org,http://www.branfordwiremfgco.com,monarrez.org,40
Shenika,Seewald,4 Otis St,Van Nuys,Los Angeles,CA,1972-10-28,91405,818-423-4007,818-749-8650,shenika@gmail.com,http://www.eastcoastmarketing.com,gmail.com,47
Delmy,Ahle,65895 S 16th St,Providence,Providence,RI,1960-08-17,2909,401-458-2547,401-559-8961,delmy.ahle@hotmail.com,http://www.wyetechnologiesinc.com,hotmail.com,59
Deeanna,Juhas,14302 Pennsylvania Ave,Huntingdon Valley,Montgomery,PA,1959-09-23,19006,215-211-9589,215-417-9563,deeanna_juhas@gmail.com,http://www.healygeorgewiv.com,gmail.com,60
Blondell,Pugh,201 Hawk Ct,Providence,Providence,RI,1986-09-17,2904,401-960-8259,401-300-8122,bpugh@aol.com,http://www.alpenliteinc.com,aol.com,33
Jamal,Vanausdal,53075 Sw 152nd Ter #615,Monroe Township,Middlesex,NJ,1983-11-03,8831,732-234-1546,732-904-2931,jamal@vanausdal.org,http://www.hubbardbruceesq.com,vanausdal.org,36
Cecily,Hollack,59 N Groesbeck Hwy,Austin,Travis,TX,1977-05-06,78731,512-486-3817,512-861-3814,cecily@hollack.org,http://www.arthuraoliversoninc.com,hollack.org,43
Carmelina,Lindall,2664 Lewis Rd,Littleton,Douglas,CO,1999-02-28,80126,303-724-7371,303-874-5160,carmelina_lindall@lindall.com,http://www.georgejessopcarterjewelers.com,lindall.com,21
Maurine,Yglesias,59 Shady Ln #53,Milwaukee,Milwaukee,WI,1967-09-18,53214,414-748-1374,414-573-7719,maurine_yglesias@yglesias.com,http://www.schultzthomascmd.com,yglesias.com,52
Tawna,Buvens,3305 Nabell Ave #679,New York,New York,NY,1970-07-28,10009,212-674-9610,212-462-9157,tawna@gmail.com,http://www.hhhenterprisesinc.com,gmail.com,49
Penney,Weight,18 Fountain St,Anchorage,Anchorage,AK,1979-06-07,99515,907-797-9628,907-873-2882,penney_weight@aol.com,http://www.hawaiiankinghotel.com,aol.com,40
Elly,Morocco,7 W 32nd St,Erie,Erie,PA,1973-02-03,16502,814-393-5571,814-420-3553,elly_morocco@gmail.com,http://www.killionindustries.com,gmail.com,47
Ilene,Eroman,2853 S Central Expy,Glen Burnie,Anne Arundel,MD,1958-12-07,21061,410-914-9018,410-937-4543,ilene.eroman@hotmail.com,http://www.robinsonwilliamjesq.com,hotmail.com,61
Vallie,Mondella,74 W College St,Boise,Ada,ID,1964-07-21,83707,208-862-5339,208-737-8439,vmondella@mondella.com,http://www.privateproperties.com,mondella.com,55
Kallie,Blackwood,701 S Harrison Rd,San Francisco,San Francisco,CA,1999-02-09,94104,415-315-2761,415-604-7609,kallie.blackwood@gmail.com,http://www.rowleyschlimgeninc.com,gmail.com,21
Johnetta,Abdallah,1088 Pinehurst St,Chapel Hill,Orange,NC,1996-04-20,27514,919-225-9345,919-715-3791,johnetta_abdallah@aol.com,http://www.forgingspecialties.com,aol.com,24
Bobbye,Rhym,30 W 80th St #1995,San Carlos,San Mateo,CA,2001-09-13,94070,650-528-5783,650-811-9032,brhym@rhym.com,http://www.smitspatriciagarity.com,rhym.com,18
Micaela,Rhymes,20932 Hedley St,Concord,Contra Costa,CA,1966-10-24,94520,925-647-3298,925-522-7798,micaela_rhymes@gmail.com,http://www.hleeleonardattorneyatlaw.com,gmail.com,53
Tamar,Hoogland,2737 Pistorio Rd #9230,London,Madison,OH,1959-04-19,43140,740-343-8575,740-526-5410,tamar@hotmail.com,http://www.akconstructionco.com,hotmail.com,61
Moon,Parlato,74989 Brandon St,Wellsville,Allegany,NY,1978-02-05,14895,585-866-8313,585-498-4278,moon@yahoo.com,http://www.ambelangjessicammd.com,yahoo.com,42
Laurel,Reitler,6 Kains Ave,Baltimore,Baltimore City,MD,1956-12-10,21215,410-520-4832,410-957-6903,laurel_reitler@reitler.com,http://www.qaservice.com,reitler.com,63
Delisa,Crupi,47565 W Grand Ave,Newark,Essex,NJ,1961-08-21,7105,973-354-2040,973-847-9611,delisa.crupi@crupi.com,http://www.woodwhitacrecontractors.com,crupi.com,58
Viva,Toelkes,4284 Dorigo Ln,Chicago,Cook,IL,1985-09-10,60647,773-446-5569,773-352-3437,viva.toelkes@gmail.com,http://www.markivpressltd.com,gmail.com,34
Elza,Lipke,6794 Lake Dr E,Newark,Essex,NJ,1982-02-12,7104,973-927-3447,973-796-3667,elza@yahoo.com,http://www.museumofscienceindustry.com,yahoo.com,38
Devorah,Chickering,31 Douglas Blvd #950,Clovis,Curry,NM,1962-08-27,88101,505-975-8559,505-950-1763,devorah@hotmail.com,http://www.garrisonind.com,hotmail.com,57
Timothy,Mulqueen,44 W 4th St,Staten Island,Richmond,NY,1960-08-08,10309,718-332-6527,718-654-7063,timothy_mulqueen@mulqueen.org,http://www.saronixnymphproducts.com,mulqueen.org,59
Arlette,Honeywell,11279 Loytan St,Jacksonville,Duval,FL,1991-12-28,32254,904-775-4480,904-514-9918,ahoneywell@honeywell.com,http://www.smcinc.com,honeywell.com,28
Dominque,Dickerson,69 Marquette Ave,Hayward,Alameda,CA,1992-12-27,94545,510-993-3758,510-901-7640,dominque.dickerson@dickerson.org,http://www.eaielectronicassocsinc.com,dickerson.org,27
Lettie,Isenhower,70 W Main St,Beachwood,Cuyahoga,OH,1997-07-04,44122,216-657-7668,216-733-8494,lettie_isenhower@yahoo.com,http://www.contechristopheraesq.com,yahoo.com,22
Myra,Munns,461 Prospect Pl #316,Euless,Tarrant,TX,1974-07-07,76040,817-914-7518,817-451-3518,mmunns@cox.net,http://www.ankerlawoffice.com,cox.net,45
Stephaine,Barfield,47154 Whipple Ave Nw,Gardena,Los Angeles,CA,1956-09-10,90247,310-774-7643,310-968-1219,stephaine@barfield.com,http://www.beutelschiescompany.com,barfield.com,63
Lai,Gato,37 Alabama Ave,Evanston,Cook,IL,1975-01-23,60201,847-728-7286,847-957-4614,lai.gato@gato.org,http://www.fliggkennethijr.com,gato.org,45
Stephen,Emigh,3777 E Richmond St #900,Akron,Summit,OH,1969-03-14,44302,330-537-5358,330-700-2312,stephen_emigh@hotmail.com,http://www.sharpjdanielesq.com,hotmail.com,51
Tyra,Shields,3 Fort Worth Ave,Philadelphia,Philadelphia,PA,1987-12-16,19106,215-255-1641,215-228-8264,tshields@gmail.com,http://www.assinkannehesq.com,gmail.com,32
Tammara,Wardrip,4800 Black Horse Pike,Burlingame,San Mateo,CA,1985-03-10,94010,650-803-1936,650-216-5075,twardrip@cox.net,http://www.jewelmyshopinc.com,cox.net,35
Cory,Gibes,83649 W Belmont Ave,San Gabriel,Los Angeles,CA,1994-07-10,91776,626-572-1096,626-696-2777,cory.gibes@gmail.com,http://www.chinesetranslationresources.com,gmail.com,25
Danica,Bruschke,840 15th Ave,Waco,McLennan,TX,1999-08-21,76708,254-782-8569,254-205-1422,danica_bruschke@gmail.com,http://www.stevenscharlest.com,gmail.com,20
Wilda,Giguere,1747 Calle Amanecer #2,Anchorage,Anchorage,AK,1956-10-27,99501,907-870-5536,907-914-9482,wilda@cox.net,http://www.mclaughlinlutherwcpa.com,cox.net,63
Elvera,Benimadho,99385 Charity St #840,San Jose,Santa Clara,CA,1961-12-14,95110,408-703-8505,408-440-8447,elvera.benimadho@cox.net,http://www.treemusketeers.com,cox.net,58
Carma,Vanheusen,68556 Central Hwy,San Leandro,Alameda,CA,1985-12-22,94577,510-503-7169,510-452-4835,carma@cox.net,http://www.springfielddivohedisonco.com,cox.net,34
Malinda,Hochard,55 Riverside Ave,Indianapolis,Marion,IN,1969-09-03,46202,317-722-5066,317-472-2412,malinda.hochard@yahoo.com,http://www.loganmemorialhospital.com,yahoo.com,50
Natalie,Fern,7140 University Ave,Rock Springs,Sweetwater,WY,1991-06-06,82901,307-704-8713,307-279-3793,natalie.fern@hotmail.com,http://www.kellycharlesgesq.com,hotmail.com,28
Lisha,Centini,64 5th Ave #1153,Mc Lean,Fairfax,VA,1978-01-16,22102,703-235-3937,703-475-7568,lisha@centini.org,http://www.industrialpapershreddersinc.com,centini.org,42
Arlene,Klusman,3 Secor Rd,New Orleans,Orleans,LA,1961-01-04,70112,504-710-5840,504-946-1807,arlene_klusman@gmail.com,http://www.beckhorizonbuilders.com,gmail.com,59
Alease,Buemi,4 Webbs Chapel Rd,Boulder,Boulder,CO,1980-07-07,80303,303-301-4946,303-521-9860,alease@buemi.com,http://www.portocayoathawkscay.com,buemi.com,39
Louisa,Cronauer,524 Louisiana Ave Nw,San Leandro,Alameda,CA,1963-10-24,94577,510-828-7047,510-472-7758,louisa@cronauer.com,http://www.pacificgrovemuseumntrlhist.com,cronauer.com,56
Angella,Cetta,185 Blackstone Bldge,Honolulu,Honolulu,HI,1980-02-26,96817,808-892-7943,808-475-2310,angella.cetta@hotmail.com,http://www.benderhatleypc.com,hotmail.com,40
Cyndy,Goldammer,170 Wyoming Ave,Burnsville,Dakota,MN,2000-04-05,55337,952-334-9408,952-938-9457,cgoldammer@cox.net,http://www.dicristinajson.com,cox.net,20
Rosio,Cork,4 10th St W,High Point,Guilford,NC,1970-07-15,27263,336-243-5659,336-497-4407,rosio.cork@gmail.com,http://www.greengoddess.com,gmail.com,49
Celeste,Korando,7 W Pinhook Rd,Lynbrook,Nassau,NY,1961-07-27,11563,516-509-2347,516-365-7266,ckorando@hotmail.com,http://www.americanartsgraphics.com,hotmail.com,58
Twana,Felger,1 Commerce Way,Portland,Washington,OR,1994-05-15,97224,503-939-3153,503-909-7167,twana.felger@felger.org,http://www.oprylandhotel.com,felger.org,25
Estrella,Samu,64 Lakeview Ave,Beloit,Rock,WI,1998-12-17,53511,608-976-7199,608-942-8836,estrella@aol.com,http://www.markingdevicespubgco.com,aol.com,21
Donte,Kines,3 Aspen St,Worcester,Worcester,MA,1983-12-16,1602,508-429-8576,508-843-1426,dkines@hotmail.com,http://www.wtcindustriesinc.com,hotmail.com,36
Tiffiny,Steffensmeier,32860 Sierra Rd,Miami,Miami-Dade,FL,1978-03-09,33133,305-385-9695,305-304-6573,tiffiny_steffensmeier@cox.net,http://www.whitehallrobbinslabsdivsn.com,cox.net,42
Edna,Miceli,555 Main St,Erie,Erie,PA,1988-02-03,16502,814-460-2655,814-299-2877,emiceli@miceli.org,http://www.sampler.com,miceli.org,32
Sue,Kownacki,2 Se 3rd Ave,Mesquite,Dallas,TX,1989-07-07,75149,972-666-3413,972-742-4000,sue@aol.com,http://www.junochefsincorporated.com,aol.com,30
Jesusa,Shin,2239 Shawnee Mission Pky,Tullahoma,Coffee,TN,1958-09-08,37388,931-273-8709,931-739-1551,jshin@shin.com,http://www.carroccioathomasesq.com,shin.com,61
Rolland,Francescon,2726 Charcot Ave,Paterson,Passaic,NJ,1992-01-04,7501,973-649-2922,973-284-4048,rolland@cox.net,http://www.stanleyrichardlesq.com,cox.net,28
Pamella,Schmierer,5161 Dorsett Rd,Homestead,Miami-Dade,FL,1955-06-06,33030,305-420-8970,305-575-8481,pamella.schmierer@schmierer.org,http://www.kcscstmmouldingswindows.com,schmierer.org,64
Glory,Kulzer,55892 Jacksonville Rd,Owings Mills,Baltimore,MD,1976-06-21,21117,410-224-9462,410-916-8015,gkulzer@kulzer.org,http://www.comfortinn.com,kulzer.org,43
Shawna,Palaspas,5 N Cleveland Massillon Rd,Thousand Oaks,Ventura,CA,1992-03-24,91362,805-275-3566,805-638-6617,shawna_palaspas@palaspas.org,http://www.windsorjameslesq.com,palaspas.org,28
Brandon,Callaro,7 Benton Dr,Honolulu,Honolulu,HI,1987-02-02,96819,808-215-6832,808-240-5168,brandon_callaro@hotmail.com,http://www.jacksonshieldsyeiser.com,hotmail.com,33
Scarlet,Cartan,9390 S Howell Ave,Albany,Dougherty,GA,1985-12-01,31701,229-735-3378,229-365-9658,scarlet.cartan@yahoo.com,http://www.boxjcalvinesq.com,yahoo.com,34
Oretha,Menter,8 County Center Dr #647,Boston,Suffolk,MA,1968-12-26,2210,617-418-5043,617-697-6024,oretha_menter@yahoo.com,http://www.customengineeringinc.com,yahoo.com,51
Ty,Smith,4646 Kaahumanu St,Hackensack,Bergen,NJ,1961-07-17,7601,201-672-1553,201-995-3149,tsmith@aol.com,http://www.breslereitelframggllryltd.com,aol.com,58
Xuan,Rochin,2 Monroe St,San Mateo,San Mateo,CA,1983-01-01,94403,650-933-5072,650-247-2625,xuan@gmail.com,http://www.caroldrakesparksesq.com,gmail.com,37
Lindsey,Dilello,52777 Leaders Heights Rd,Ontario,San Bernardino,CA,1958-12-23,91761,909-639-9887,909-589-1693,lindsey.dilello@hotmail.com,http://www.biltmoreinvestorsbank.com,hotmail.com,61
Devora,Perez,72868 Blackington Ave,Oakland,Alameda,CA,1960-07-16,94606,510-955-3016,510-755-9274,devora_perez@perez.org,http://www.descoequipmentcorp.com,perez.org,59
Herman,Demesa,9 Norristown Rd,Troy,Rensselaer,NY,1966-08-25,12180,518-497-2940,518-931-7852,hdemesa@cox.net,http://www.merlinelectricco.com,cox.net,53
Rory,Papasergi,83 County Road 437 #8581,Clarks Summit,Lackawanna,PA,1999-10-19,18411,570-867-7489,570-469-8401,rpapasergi@cox.net,http://www.baileycntlcodivbabcock.com,cox.net,20
Talia,Riopelle,1 N Harlem Ave #9,Orange,Essex,NJ,1958-03-15,7050,973-245-2133,973-818-9788,talia_riopelle@aol.com,http://www.fordbrotherswholesaleinc.com,aol.com,62
Van,Shire,90131 J St,Pittstown,Hunterdon,NJ,1962-02-22,8867,908-409-2890,908-448-1209,van.shire@shire.com,http://www.cambridgeinn.com,shire.com,58
Lucina,Lary,8597 W National Ave,Cocoa,Brevard,FL,1973-05-07,32922,321-749-4981,321-632-4668,lucina_lary@cox.net,http://www.matriccianialbertjjr.com,cox.net,47
Bok,Isaacs,6 Gilson St,Bronx,Bronx,NY,1956-05-27,10468,718-809-3762,718-478-8568,bok.isaacs@aol.com,http://www.nelsonhawaiianltd.com,aol.com,63
Rolande,Spickerman,65 W Maple Ave,Pearl City,Honolulu,HI,1982-10-19,96782,808-315-3077,808-526-5863,rolande.spickerman@spickerman.com,http://www.nelandtravelagency.com,spickerman.com,37
Howard,Paulas,866 34th Ave,Denver,Denver,CO,1970-04-09,80231,303-623-4241,303-692-3118,hpaulas@gmail.com,http://www.asendorfjalanesq.com,gmail.com,50
Kimbery,Madarang,798 Lund Farm Way,Rockaway,Morris,NJ,1973-08-16,7866,973-310-1634,973-225-6259,kimbery_madarang@cox.net,http://www.silbermanarthurlesq.com,cox.net,46
Thurman,Manno,9387 Charcot Ave,Absecon,Atlantic,NJ,2001-03-20,8201,609-524-3586,609-234-8376,thurman.manno@yahoo.com,http://www.honeybeebreedinggenetics.com,yahoo.com,19
Becky,Mirafuentes,30553 Washington Rd,Plainfield,Union,NJ,1982-10-24,7062,908-877-8409,908-426-8272,becky.mirafuentes@mirafuentes.com,http://www.wellskravitzschnitzer.com,mirafuentes.com,37
Beatriz,Corrington,481 W Lemon St,Middleboro,Plymouth,MA,1963-11-01,2346,508-584-4279,508-315-3867,beatriz@yahoo.com,http://www.prohabrehabilitationservs.com,yahoo.com,56
Marti,Maybury,4 Warehouse Point Rd #7,Chicago,Cook,IL,1986-06-02,60638,773-775-4522,773-539-1058,marti.maybury@yahoo.com,http://www.eldridgekristinkesq.com,yahoo.com,33
Nieves,Gotter,4940 Pulaski Park Dr,Portland,Multnomah,OR,2000-10-20,97202,503-527-5274,503-455-3094,nieves_gotter@gmail.com,http://www.vlahosjohnjesq.com,gmail.com,19
Leatha,Hagele,627 Walford Ave,Dallas,Dallas,TX,1990-01-06,75227,214-339-1809,214-225-5850,lhagele@cox.net,http://www.ninasindiangrsvideos.com,cox.net,30
Valentin,Klimek,137 Pioneer Way,Chicago,Cook,IL,1994-10-15,60604,312-303-5453,312-512-2338,vklimek@klimek.org,http://www.schmidgayannekesq.com,klimek.org,25
Melissa,Wiklund,61 13 Stoneridge #835,Findlay,Hancock,OH,2000-09-08,45840,419-939-3613,419-254-4591,melissa@cox.net,http://www.moapavalleyfederalcreditun.com,cox.net,19
Sheridan,Zane,2409 Alabama Rd,Riverside,Riverside,CA,1992-03-03,92501,951-645-3605,951-248-6822,sheridan.zane@zane.com,http://www.kentuckytennesseeclayco.com,zane.com,28
Bulah,Padilla,8927 Vandever Ave,Waco,McLennan,TX,1965-10-09,76707,254-463-4368,254-816-8417,bulah_padilla@hotmail.com,http://www.admiralpartyrentalssales.com,hotmail.com,54
Audra,Kohnert,134 Lewis Rd,Nashville,Davidson,TN,1986-06-20,37211,615-406-7854,615-448-9249,audra@kohnert.com,http://www.nelsonkarolynkingesq.com,kohnert.com,33
Daren,Weirather,9 N College Ave #3,Milwaukee,Milwaukee,WI,1962-03-02,53216,414-959-2540,414-838-3151,dweirather@aol.com,http://www.panasystems.com,aol.com,58
Fernanda,Jillson,60480 Old Us Highway 51,Preston,Caroline,MD,1982-07-18,21655,410-387-5260,410-724-6472,fjillson@aol.com,http://www.shankedwardlesq.com,aol.com,37
Gearldine,Gellinger,4 Bloomfield Ave,Irving,Dallas,TX,1958-07-06,75061,972-934-6914,972-821-7118,gearldine_gellinger@gellinger.com,http://www.megibowedwards.com,gellinger.com,61
Chau,Kitzman,429 Tiger Ln,Beverly Hills,Los Angeles,CA,1994-10-07,90212,310-560-8022,310-969-7230,chau@gmail.com,http://www.benoffedwardesq.com,gmail.com,25
Theola,Frey,54169 N Main St,Massapequa,Nassau,NY,1984-09-27,11758,516-948-5768,516-357-3362,theola_frey@frey.com,http://www.woodbridgefreepubliclibrary.com,frey.com,35
Cheryl,Haroldson,92 Main St,Atlantic City,Atlantic,NJ,1989-03-23,8401,609-518-7697,609-263-9243,cheryl@haroldson.org,http://www.newyorklifejohnthune.com,haroldson.org,31
Laticia,Merced,72 Mannix Dr,Cincinnati,Hamilton,OH,1986-04-19,45203,513-508-7371,513-418-1566,lmerced@gmail.com,http://www.alinabalinc.com,gmail.com,34
Carissa,Batman,12270 Caton Center Dr,Eugene,Lane,OR,1965-11-07,97401,541-326-4074,541-801-5717,carissa.batman@yahoo.com,http://www.polettokimdavidesq.com,yahoo.com,54
Lezlie,Craghead,749 W 18th St #45,Smithfield,Johnston,NC,1990-12-27,27577,919-533-3762,919-885-2453,lezlie.craghead@craghead.org,http://www.changcarolynesq.com,craghead.org,29
Ozell,Shealy,8 Industry Ln,New York,New York,NY,1990-10-19,10002,212-332-8435,212-880-8865,oshealy@hotmail.com,http://www.silverbrosinc.com,hotmail.com,29
Arminda,Parvis,1 Huntwood Ave,Phoenix,Maricopa,AZ,1981-02-14,85017,602-906-9419,602-277-3025,arminda@parvis.com,http://www.newtecinc.com,parvis.com,39
Reita,Leto,55262 N French Rd,Indianapolis,Marion,IN,1989-12-15,46240,317-234-1135,317-787-5514,reita.leto@gmail.com,http://www.creativebusinesssystems.com,gmail.com,30
Yolando,Luczki,422 E 21st St,Syracuse,Onondaga,NY,1961-08-27,13214,315-304-4759,315-640-6357,yolando@cox.net,http://www.daltilecorporation.com,cox.net,58
Lizette,Stem,501 N 19th Ave,Cherry Hill,Camden,NJ,1955-07-24,8002,856-487-5412,856-702-3676,lizette.stem@aol.com,http://www.edwardskatz.com,aol.com,64
Gregoria,Pawlowicz,455 N Main Ave,Garden City,Nassau,NY,1982-04-06,11530,516-212-1915,516-376-4230,gpawlowicz@yahoo.com,http://www.ohmygoodknitsinc.com,yahoo.com,38
Carin,Deleo,1844 Southern Blvd,Little Rock,Pulaski,AR,1971-09-15,72202,501-308-1040,501-409-6072,cdeleo@deleo.com,http://www.redekerdebbie.com,deleo.com,48
Chantell,Maynerich,2023 Greg St,Saint Paul,Ramsey,MN,1978-07-12,55101,651-591-2583,651-776-9688,chantell@yahoo.com,http://www.desertsandsmotel.com,yahoo.com,41
Dierdre,Yum,63381 Jenks Ave,Philadelphia,Philadelphia,PA,1985-10-12,19134,215-325-3042,215-346-4666,dyum@yahoo.com,http://www.cumminssouthernplainsinc.com,yahoo.com,34
Larae,Gudroe,6651 Municipal Rd,Houma,Terrebonne,LA,1979-10-20,70360,985-890-7262,985-261-5783,larae_gudroe@gmail.com,http://www.lehighfurndivsnlehigh.com,gmail.com,40
Latrice,Tolfree,81 Norris Ave #525,Ronkonkoma,Suffolk,NY,1981-06-05,11779,631-957-7624,631-998-2102,latrice.tolfree@hotmail.com,http://www.unitedvanlinesagent.com,hotmail.com,38
Kerry,Theodorov,6916 W Main St,Sacramento,Sacramento,CA,1967-10-22,95827,916-591-3277,916-770-7448,kerry.theodorov@gmail.com,http://www.capitolreporters.com,gmail.com,52
Dorthy,Hidvegi,9635 S Main St,Boise,Ada,ID,1979-10-22,83704,208-649-2373,208-690-3315,dhidvegi@yahoo.com,http://www.kwikkopyprinting.com,yahoo.com,40
Fannie,Lungren,17 Us Highway 111,Round Rock,Williamson,TX,1988-01-04,78664,512-587-5746,512-528-9933,fannie.lungren@yahoo.com,http://www.centroinc.com,yahoo.com,32
Evangelina,Radde,992 Civic Center Dr,Philadelphia,Philadelphia,PA,1963-02-17,19123,215-964-3284,215-417-5612,evangelina@aol.com,http://www.campbelljanesq.com,aol.com,57
Novella,Degroot,303 N Radcliffe St,Hilo,Hawaii,HI,1988-02-07,96720,808-477-4775,808-746-1865,novella_degroot@degroot.org,http://www.evansckellyesq.com,degroot.org,32
Clay,Hoa,73 Saint Ann St #86,Reno,Washoe,NV,1970-06-19,89502,775-501-8109,775-848-9135,choa@hoa.org,http://www.scatenterprises.com,hoa.org,49
Jennifer,Fallick,44 58th St,Wheeling,Cook,IL,1984-02-17,60090,847-979-9545,847-800-3054,jfallick@yahoo.com,http://www.nagledanieljesq.com,yahoo.com,36
Irma,Wolfgramm,9745 W Main St,Randolph,Morris,NJ,1986-02-09,7869,973-545-7355,973-868-8660,irma.wolfgramm@hotmail.com,http://www.serendiquitybedbreakfast.com,hotmail.com,34
Eun,Coody,84 Bloomfield Ave,Spartanburg,Spartanburg,SC,1978-04-02,29301,864-256-3620,864-594-4578,eun@yahoo.com,http://www.raycarolynerealty.com,yahoo.com,42
Sylvia,Cousey,287 Youngstown Warren Rd,Hampstead,Carroll,MD,1992-07-02,21074,410-209-9545,410-863-8263,sylvia_cousey@cousey.org,http://www.bergcharlese.com,cousey.org,27
Nana,Wrinkles,6 Van Buren St,Mount Vernon,Westchester,NY,1965-08-09,10553,914-855-2115,914-796-3775,nana@aol.com,http://www.raymilbernd.com,aol.com,54
Layla,Springe,229 N Forty Driv,New York,New York,NY,1997-11-22,10011,212-260-3151,212-253-7448,layla.springe@cox.net,http://www.chaddsfordwinery.com,cox.net,22
Joesph,Degonia,2887 Knowlton St #5435,Berkeley,Alameda,CA,1984-08-24,94710,510-677-9785,510-942-5916,joesph_degonia@degonia.org,http://www.arpackaging.com,degonia.org,35
Annabelle,Boord,523 Marquette Ave,Concord,Middlesex,MA,1996-09-24,1742,978-697-6263,978-289-7717,annabelle.boord@cox.net,http://www.cornpopper.com,cox.net,23
Stephaine,Vinning,3717 Hamann Industrial Pky,San Francisco,San Francisco,CA,1977-12-04,94104,415-767-6596,415-712-9530,stephaine@cox.net,http://www.biritefoodservicedistr.com,cox.net,42
Nelida,Sawchuk,3 State Route 35 S,Paramus,Bergen,NJ,1964-05-09,7652,201-971-1638,201-247-8925,nelida@gmail.com,http://www.anchoragemuseumofhistart.com,gmail.com,56
Marguerita,Hiatt,82 N Highway 67,Oakley,Contra Costa,CA,1960-03-01,94561,925-634-7158,925-541-8521,marguerita.hiatt@gmail.com,http://www.habergeorgedmd.com,gmail.com,60
Carmela,Cookey,9 Murfreesboro Rd,Chicago,Cook,IL,1979-07-17,60623,773-494-4195,773-297-9391,ccookey@cookey.org,http://www.royalpontiacoldsinc.com,cookey.org,40
Junita,Brideau,6 S Broadway St,Cedar Grove,Essex,NJ,1962-10-04,7009,973-943-3423,973-582-5469,jbrideau@aol.com,http://www.leonardsantiquesinc.com,aol.com,57
Claribel,Varriano,6 Harry L Dr #6327,Perrysburg,Wood,OH,1992-08-18,43551,419-544-4900,419-573-2033,claribel_varriano@cox.net,http://www.meca.com,cox.net,27
Benton,Skursky,47939 Porter Ave,Gardena,Los Angeles,CA,1984-01-05,90248,310-579-2907,310-694-8466,benton.skursky@aol.com,http://www.nerconengineeringmfginc.com,aol.com,36
Hillary,Skulski,9 Wales Rd Ne #914,Homosassa,Citrus,FL,1989-12-05,34448,352-242-2570,352-990-5946,hillary.skulski@aol.com,http://www.replicai.com,aol.com,30
Merilyn,Bayless,195 13n N,Santa Clara,Santa Clara,CA,1997-12-26,95054,408-758-5015,408-346-2180,merilyn_bayless@cox.net,http://www.printinginc.com,cox.net,22
Teri,Ennaco,99 Tank Farm Rd,Hazleton,Luzerne,PA,1976-02-11,18201,570-889-5187,570-355-1665,tennaco@gmail.com,http://www.publishersgroupwest.com,gmail.com,44
Merlyn,Lawler,4671 Alemany Blvd,Jersey City,Hudson,NJ,1961-09-11,7304,201-588-7810,201-858-9960,merlyn_lawler@hotmail.com,http://www.nischwitzjeffreylesq.com,hotmail.com,58
Georgene,Montezuma,98 University Dr,San Ramon,Contra Costa,CA,1974-07-12,94583,925-615-5185,925-943-3449,gmontezuma@cox.net,http://www.paynebladeswellbornpa.com,cox.net,45
Jettie,Mconnell,50 E Wacker Dr,Bridgewater,Somerset,NJ,2001-02-20,8807,908-802-3564,908-602-5258,jmconnell@hotmail.com,http://www.coldwellbnkrwrightrealest.com,hotmail.com,19
Lemuel,Latzke,70 Euclid Ave #722,Bohemia,Suffolk,NY,1976-02-15,11716,631-748-6479,631-291-4976,lemuel.latzke@gmail.com,http://www.computerrepairservice.com,gmail.com,44
Melodie,Knipp,326 E Main St #6496,Thousand Oaks,Ventura,CA,1989-03-22,91362,805-690-1682,805-810-8964,mknipp@gmail.com,http://www.fleetwoodbuildingblockinc.com,gmail.com,31
Candida,Corbley,406 Main St,Somerville,Somerset,NJ,1977-04-12,8876,908-275-8357,908-943-6103,candida_corbley@hotmail.com,http://www.coltsneckmedicalassocsinc.com,hotmail.com,43
Karan,Karpin,3 Elmwood Dr,Beaverton,Washington,OR,1978-12-12,97005,503-940-8327,503-707-5812,karan_karpin@gmail.com,http://www.newenglandtaxidermy.com,gmail.com,41
Andra,Scheyer,9 Church St,Salem,Marion,OR,1993-10-18,97302,503-516-2189,503-950-3068,andra@gmail.com,http://www.ludckegeorgeoesq.com,gmail.com,26
Felicidad,Poullion,9939 N 14th St,Riverton,Burlington,NJ,1980-10-12,8077,856-305-9731,856-828-6021,fpoullion@poullion.com,http://www.mccorkletomsesq.com,poullion.com,39
Belen,Strassner,5384 Southwyck Blvd,Douglasville,Douglas,GA,1960-08-25,30135,770-507-8791,770-802-4003,belen_strassner@aol.com,http://www.eaglesoftwareinc.com,aol.com,59
Gracia,Melnyk,97 Airport Loop Dr,Jacksonville,Duval,FL,1986-09-27,32216,904-235-3633,904-627-4341,gracia@melnyk.com,http://www.juvenileadultsuper.com,melnyk.com,33
Jolanda,Hanafan,37855 Nolan Rd,Bangor,Penobscot,ME,1986-11-06,4401,207-458-9196,207-233-6185,jhanafan@gmail.com,http://www.perezjosephjesq.com,gmail.com,33
Barrett,Toyama,4252 N Washington Ave #9,Kennedale,Tarrant,TX,1981-09-25,76060,817-765-5781,817-577-6151,barrett.toyama@toyama.org,http://www.casefoundationco.com,toyama.org,38
Helga,Fredicks,42754 S Ash Ave,Buffalo,Erie,NY,1986-05-15,14228,716-752-4114,716-854-9845,helga_fredicks@yahoo.com,http://www.eisenvironmentalengrsinc.com,yahoo.com,33
Ashlyn,Pinilla,703 Beville Rd,Opa Locka,Miami-Dade,FL,1972-06-25,33054,305-670-9628,305-857-5489,apinilla@cox.net,http://www.artcrafters.com,cox.net,47
Fausto,Agramonte,5 Harrison Rd,New York,New York,NY,1977-04-16,10038,212-313-1783,212-778-3063,fausto_agramonte@yahoo.com,http://www.marriotthotelsresortssuites.com,yahoo.com,43
Ronny,Caiafa,73 Southern Blvd,Philadelphia,Philadelphia,PA,1957-09-22,19103,215-605-7570,215-511-3531,ronny.caiafa@caiafa.org,http://www.remacoinc.com,caiafa.org,62
Marge,Limmel,189 Village Park Rd,Crestview,Okaloosa,FL,1979-04-23,32536,850-430-1663,850-330-8079,marge@gmail.com,http://www.bjorkrobertdjr.com,gmail.com,41
Norah,Waymire,6 Middlegate Rd #106,San Francisco,San Francisco,CA,1959-07-02,94107,415-306-7897,415-874-2984,norah.waymire@gmail.com,http://www.carmichaeljefferylesq.com,gmail.com,60
Aliza,Baltimore,1128 Delaware St,San Jose,Santa Clara,CA,2002-06-26,95132,408-504-3552,408-425-1994,aliza@aol.com,http://www.andrewsjrobertesq.com,aol.com,17
Mozell,Pelkowski,577 Parade St,South San Francisco,San Mateo,CA,1971-05-22,94080,650-947-1215,650-960-1069,mpelkowski@pelkowski.org,http://www.winshipbyrne.com,pelkowski.org,48
Viola,Bitsuie,70 Mechanic St,Northridge,Los Angeles,CA,1980-08-24,91325,818-864-4875,818-481-5787,viola@gmail.com,http://www.burtondavis.com,gmail.com,39
Franklyn,Emard,4379 Highway 116,Philadelphia,Philadelphia,PA,1979-08-20,19103,215-558-8189,215-483-3003,femard@emard.com,http://www.olympicgraphicarts.com,emard.com,40
Willodean,Konopacki,55 Hawthorne Blvd,Lafayette,Lafayette,LA,1969-01-05,70506,337-253-8384,337-774-7564,willodean_konopacki@konopacki.org,http://www.magnuson.com,konopacki.org,51
Beckie,Silvestrini,7116 Western Ave,Dearborn,Wayne,MI,1968-05-20,48126,313-533-4884,313-390-7855,beckie.silvestrini@silvestrini.com,http://www.aallamericantravelinc.com,silvestrini.com,51
Rebecka,Gesick,2026 N Plankinton Ave #3,Austin,Travis,TX,1976-03-25,78754,512-213-8574,512-693-8345,rgesick@gesick.org,http://www.polykoteinc.com,gesick.org,44
Frederica,Blunk,99586 Main St,Dallas,Dallas,TX,2000-08-22,75207,214-428-2285,214-529-1949,frederica_blunk@gmail.com,http://www.jetscybernetics.com,gmail.com,19
Glen,Bartolet,8739 Hudson St,Vashon,King,WA,1984-04-12,98070,206-697-5796,206-389-1482,glen_bartolet@hotmail.com,http://www.metlabtestingservices.com,hotmail.com,36
Freeman,Gochal,383 Gunderman Rd #197,Coatesville,Chester,PA,1987-11-21,19320,610-476-3501,610-752-2683,freeman_gochal@aol.com,http://www.kellermannwilliamtesq.com,aol.com,32
Vincent,Meinerding,4441 Point Term Mkt,Philadelphia,Philadelphia,PA,1968-04-24,19143,215-372-1718,215-829-4221,vincent.meinerding@hotmail.com,http://www.arturipeterdesq.com,hotmail.com,52
Rima,Bevelacqua,2972 Lafayette Ave,Gardena,Los Angeles,CA,1971-10-26,90248,310-858-5079,310-499-4200,rima@cox.net,http://www.mcauleymfgco.com,cox.net,48
Glendora,Sarbacher,2140 Diamond Blvd,Rohnert Park,Sonoma,CA,1963-09-26,94928,707-653-8214,707-881-3154,gsarbacher@gmail.com,http://www.defurvoranhanleyradcliff.com,gmail.com,56
Avery,Steier,93 Redmond Rd #492,Orlando,Orange,FL,2001-05-20,32803,407-808-9439,407-945-8566,avery@cox.net,http://www.dilldillcarrstonbrakerpc.com,cox.net,18
Cristy,Lother,3989 Portage Tr,Escondido,San Diego,CA,1984-03-09,92025,760-971-4322,760-465-4762,cristy@lother.com,http://www.kleensteel.com,lother.com,36
Nicolette,Brossart,1 Midway Rd,Westborough,Worcester,MA,1985-11-11,1581,508-837-9230,508-504-6388,nicolette_brossart@brossart.com,http://www.gouldspumpsincslurrypump.com,brossart.com,34
Tracey,Modzelewski,77132 Coon Rapids Blvd Nw,Conroe,Montgomery,TX,1971-04-19,77301,936-264-9294,936-988-8171,tracey@hotmail.com,http://www.kansascityinsurancereport.com,hotmail.com,49
Virgina,Tegarden,755 Harbor Way,Milwaukee,Milwaukee,WI,1986-03-22,53226,414-214-8697,414-411-5744,virgina_tegarden@tegarden.com,http://www.berhanuinternationalfoods.com,tegarden.com,34
Tiera,Frankel,87 Sierra Rd,El Monte,Los Angeles,CA,1991-10-15,91731,626-636-4117,626-638-4241,tfrankel@aol.com,http://www.rolandashcroft.com,aol.com,28
Alaine,Bergesen,7667 S Hulen St #42,Yonkers,Westchester,NY,1980-01-26,10701,914-300-9193,914-654-1426,alaine_bergesen@cox.net,http://www.hispanicmagazine.com,cox.net,40
Earleen,Mai,75684 S Withlapopka Dr #32,Dallas,Dallas,TX,2000-01-28,75227,214-289-1973,214-785-6750,earleen_mai@cox.net,http://www.littlesheetmetalco.com,cox.net,20
Leonida,Gobern,5 Elmwood Park Blvd,Biloxi,Harrison,MS,1974-08-06,39530,228-235-5615,228-432-4635,leonida@gobern.org,http://www.holmesarmsteadjesq.com,gobern.org,45
Ressie,Auffrey,23 Palo Alto Sq,Miami,Miami-Dade,FL,1984-03-18,33134,305-604-8981,305-287-4743,ressie.auffrey@yahoo.com,http://www.fawjamesccpa.com,yahoo.com,36
Justine,Mugnolo,38062 E Main St,New York,New York,NY,1958-01-13,10048,212-304-9225,212-311-6377,jmugnolo@yahoo.com,http://www.evansrulecompany.com,yahoo.com,62
Eladia,Saulter,3958 S Dupont Hwy #7,Ramsey,Bergen,NJ,1961-07-16,7446,201-474-4924,201-365-8698,eladia@saulter.com,http://www.tyeeproductionsinc.com,saulter.com,58
Chaya,Malvin,560 Civic Center Dr,Ann Arbor,Washtenaw,MI,1955-12-06,48103,734-928-5182,734-408-8174,chaya@malvin.com,http://www.dunnellsduvall.com,malvin.com,64
Gwenn,Suffield,3270 Dequindre Rd,Deer Park,Suffolk,NY,1986-08-17,11729,631-258-6558,631-295-9879,gwenn_suffield@suffield.org,http://www.deltamsystemsinc.com,suffield.org,33
Salena,Karpel,1 Garfield Ave #7,Canton,Stark,OH,1988-07-22,44707,330-791-8557,330-618-2579,skarpel@cox.net,http://www.hammillmfgco.com,cox.net,31
Yoko,Fishburne,9122 Carpenter Ave,New Haven,New Haven,CT,1964-10-20,6511,203-506-4706,203-840-8634,yoko@fishburne.com,http://www.samscornerstore.com,fishburne.com,55
Taryn,Moyd,48 Lenox St,Fairfax,Fairfax City,VA,1955-06-19,22030,703-322-4041,703-938-7939,taryn.moyd@hotmail.com,http://www.siskinmarkjesq.com,hotmail.com,64
Katina,Polidori,5 Little River Tpke,Wilmington,Middlesex,MA,1962-08-03,1887,978-626-2978,978-679-7429,katina_polidori@aol.com,http://www.capeassociatesrealestate.com,aol.com,57
Rickie,Plumer,3 N Groesbeck Hwy,Toledo,Lucas,OH,1995-09-12,43613,419-693-1334,419-313-5571,rickie.plumer@aol.com,http://www.merrilllynch.com,aol.com,24
Alex,Loader,37 N Elm St #916,Tacoma,Pierce,WA,2002-01-22,98409,253-660-7821,253-875-9222,alex@loader.com,http://www.sublettscottesq.com,loader.com,18
Lashon,Vizarro,433 Westminster Blvd #590,Roseville,Placer,CA,1970-01-23,95661,916-741-7884,916-289-4526,lashon@aol.com,http://www.sentrysigns.com,aol.com,50
Lauran,Burnard,66697 Park Pl #3224,Riverton,Fremont,WY,1996-10-10,82501,307-342-7795,307-453-7589,lburnard@burnard.com,http://www.professionalsunlimited.com,burnard.com,23
Ceola,Setter,96263 Greenwood Pl,Warren,Knox,ME,1973-06-24,4864,207-627-7565,207-297-5029,ceola.setter@setter.org,http://www.southernsteelshelvingco.com,setter.org,46
My,Rantanen,8 Mcarthur Ln,Richboro,Bucks,PA,1963-02-23,18954,215-491-5633,215-647-2158,my@hotmail.com,http://www.boscopaulj.com,hotmail.com,57
Lorrine,Worlds,8 Fair Lawn Ave,Tampa,Hillsborough,FL,1990-12-05,33614,813-769-2939,813-863-6467,lorrine.worlds@worlds.com,http://www.longonicholasjesq.com,worlds.com,29
Peggie,Sturiale,9 N 14th St,El Cajon,San Diego,CA,1967-06-20,92020,619-608-1763,619-695-8086,peggie@cox.net,http://www.henrycountymiddleschool.com,cox.net,52
Marvel,Raymo,9 Vanowen St,College Station,Brazos,TX,1976-06-10,77840,979-718-8968,979-809-5770,mraymo@yahoo.com,http://www.edisonsupplyequipmentco.com,yahoo.com,43
Daron,Dinos,18 Waterloo Geneva Rd,Highland Park,Lake,IL,1996-12-23,60035,847-233-3075,847-265-6609,daron_dinos@cox.net,http://www.wolfwarrenresq.com,cox.net,23
An,Fritz,506 S Hacienda Dr,Atlantic City,Atlantic,NJ,1973-11-09,8401,609-228-5265,609-854-7156,an_fritz@hotmail.com,http://www.linguisticsystemsinc.com,hotmail.com,46
Portia,Stimmel,3732 Sherman Ave,Bridgewater,Somerset,NJ,1986-02-13,8807,908-722-7128,908-670-4712,portia.stimmel@aol.com,http://www.peacechristiancenter.com,aol.com,34
Rhea,Aredondo,25657 Live Oak St,Brooklyn,Kings,NY,1976-09-06,11226,718-560-9537,718-280-4183,rhea_aredondo@cox.net,http://www.doublebfoodsinc.com,cox.net,43
Benedict,Sama,4923 Carey Ave,Saint Louis,Saint Louis City,MO,1964-04-28,63104,314-787-1588,314-858-4832,bsama@cox.net,http://www.alexanderalexanderinc.com,cox.net,56
Alyce,Arias,3196 S Rider Trl,Stockton,San Joaquin,CA,1980-03-12,95207,209-317-1801,209-242-7022,alyce@arias.org,http://www.fairbanksscales.com,arias.org,40
Heike,Berganza,3 Railway Ave #75,Little Falls,Passaic,NJ,2001-12-13,7424,973-936-5095,973-822-8827,heike@gmail.com,http://www.calisportswearcuttingdept.com,gmail.com,18
Carey,Dopico,87393 E Highland Rd,Indianapolis,Marion,IN,1998-08-15,46220,317-578-2453,317-441-5848,carey_dopico@dopico.org,http://www.garofanijohnesq.com,dopico.org,21
Dottie,Hellickson,67 E Chestnut Hill Rd,Seattle,King,WA,1958-07-12,98133,206-540-6076,206-295-5631,dottie@hellickson.org,http://www.thompsonfabricatingco.com,hellickson.org,61
Deandrea,Hughey,33 Lewis Rd #46,Burlington,Alamance,NC,1979-02-13,27215,336-822-7652,336-467-3095,deandrea@yahoo.com,http://www.centurykrallrealestate.com,yahoo.com,41
Kimberlie,Duenas,8100 Jacksonville Rd #7,Hays,Ellis,KS,1985-08-03,67601,785-629-8542,785-616-1685,kimberlie_duenas@yahoo.com,http://www.midcontntlrltypropmgmt.com,yahoo.com,34
Martina,Staback,7 W Wabansia Ave #227,Orlando,Orange,FL,1970-08-10,32822,407-471-6908,407-429-2145,martina_staback@staback.com,http://www.acesignsinc.com,staback.com,49
Skye,Fillingim,25 Minters Chapel Rd #9,Minneapolis,Hennepin,MN,1962-07-14,55401,612-508-2655,612-664-6304,skye_fillingim@yahoo.com,http://www.rodewayinn.com,yahoo.com,57
Jade,Farrar,6882 Torresdale Ave,Columbia,Richland,SC,1960-07-11,29201,803-352-5387,803-975-3405,jade.farrar@yahoo.com,http://www.bonnetdaughter.com,yahoo.com,59
Charlene,Hamilton,985 E 6th Ave,Santa Rosa,Sonoma,CA,1989-02-20,95407,707-300-1771,707-821-8037,charlene.hamilton@hotmail.com,http://www.oshinsgibbons.com,hotmail.com,31
Geoffrey,Acey,7 West Ave #1,Palatine,Cook,IL,1983-09-05,60067,847-222-1734,847-556-2909,geoffrey@gmail.com,http://www.pricebusinessservices.com,gmail.com,36
Stevie,Westerbeck,26659 N 13th St,Costa Mesa,Orange,CA,1978-08-19,92626,949-867-4077,949-903-3898,stevie.westerbeck@yahoo.com,http://www.wisedenniswmd.com,yahoo.com,41
Pamella,Fortino,669 Packerland Dr #1438,Denver,Denver,CO,1969-11-09,80212,303-404-2210,303-794-1341,pamella@fortino.com,http://www.supermotel.com,fortino.com,50
Harrison,Haufler,759 Eldora St,New Haven,New Haven,CT,1966-01-23,6515,203-801-6193,203-801-8497,hhaufler@hotmail.com,http://www.johnwagnerassociates.com,hotmail.com,54
Johnna,Engelberg,5 S Colorado Blvd #449,Bothell,Snohomish,WA,1991-11-23,98021,425-986-7573,425-700-3751,jengelberg@engelberg.org,http://www.thriftyoilco.com,engelberg.org,28
Buddy,Cloney,944 Gaither Dr,Strongsville,Cuyahoga,OH,1964-02-17,44136,440-989-5826,440-327-2093,buddy.cloney@yahoo.com,http://www.larkfieldphoto.com,yahoo.com,56
Dalene,Riden,66552 Malone Rd,Plaistow,Rockingham,NH,1972-11-01,3865,603-315-6839,603-745-7497,dalene.riden@aol.com,http://www.silvermanplanetarium.com,aol.com,47
Jerry,Zurcher,77 Massillon Rd #822,Satellite Beach,Brevard,FL,1984-01-20,32937,321-518-5938,321-597-2159,jzurcher@zurcher.org,http://www.jflumber.com,zurcher.org,36
Haydee,Denooyer,25346 New Rd,New York,New York,NY,1995-12-05,10016,212-792-8658,212-782-3493,hdenooyer@denooyer.org,http://www.cleaningstationinc.com,denooyer.org,24
Joseph,Cryer,60 Fillmore Ave,Huntington Beach,Orange,CA,1971-08-27,92647,714-584-2237,714-698-2170,joseph_cryer@cox.net,http://www.amesstationers.com,cox.net,48
Deonna,Kippley,57 Haven Ave #90,Southfield,Oakland,MI,1989-02-06,48075,248-913-4677,248-793-4966,deonna_kippley@hotmail.com,http://www.midasmufflershops.com,hotmail.com,31
Raymon,Calvaresi,6538 E Pomona St #60,Indianapolis,Marion,IN,1979-07-27,46222,317-825-4724,317-342-1532,raymon.calvaresi@gmail.com,http://www.seaboardsecuritiesinc.com,gmail.com,40
Alecia,Bubash,6535 Joyce St,Wichita Falls,Wichita,TX,2000-12-15,76301,940-276-7922,940-302-3036,alecia@aol.com,http://www.petersenjameseesq.com,aol.com,19
Ma,Layous,78112 Morris Ave,North Haven,New Haven,CT,1974-07-16,6473,203-721-3388,203-564-1543,mlayous@hotmail.com,http://www.developmentauthority.com,hotmail.com,45
Detra,Coyier,96950 Hidden Ln,Aberdeen,Harford,MD,1994-04-21,21001,410-739-9277,410-259-2118,detra@aol.com,http://www.schottfiberopticsinc.com,aol.com,26
Terrilyn,Rodeigues,3718 S Main St,New Orleans,Orleans,LA,1990-03-15,70130,504-463-4384,504-635-8518,terrilyn.rodeigues@cox.net,http://www.stuartjagins.com,cox.net,30
Salome,Lacovara,9677 Commerce Dr,Richmond,Richmond City,VA,1981-12-08,23219,804-550-5097,804-858-1011,slacovara@gmail.com,http://www.mitsumielectronicscorp.com,gmail.com,38
Garry,Keetch,5 Green Pond Rd #4,Southampton,Bucks,PA,1960-11-08,18966,215-979-8776,215-846-9046,garry_keetch@hotmail.com,http://www.italianexpressfranchisecorp.com,hotmail.com,59
Matthew,Neither,636 Commerce Dr #42,Shakopee,Scott,MN,1976-04-08,55379,952-651-7597,952-906-4597,mneither@yahoo.com,http://www.americancouncilonscihlth.com,yahoo.com,44
Theodora,Restrepo,42744 Hamann Industrial Pky #82,Miami,Miami-Dade,FL,1986-12-26,33136,305-936-8226,305-573-1085,theodora.restrepo@restrepo.com,http://www.kleripatriciasesq.com,restrepo.com,33
Noah,Kalafatis,1950 5th Ave,Milwaukee,Milwaukee,WI,1970-02-10,53209,414-263-5287,414-660-9766,noah.kalafatis@aol.com,http://www.twiggsabramsblanchard.com,aol.com,50
Carmen,Sweigard,61304 N French Rd,Somerset,Somerset,NJ,1965-09-06,8873,732-941-2621,732-445-6940,csweigard@sweigard.com,http://www.mauiresearchtechnologypk.com,sweigard.com,54
Lavonda,Hengel,87 Imperial Ct #79,Fargo,Cass,ND,1972-09-15,58102,701-898-2154,701-421-7080,lavonda@cox.net,http://www.bradleynameplatecorp.com,cox.net,47
Junita,Stoltzman,94 W Dodge Rd,Carson City,Carson City,NV,1975-11-11,89701,775-638-9963,775-578-1214,junita@aol.com,http://www.geonexmartelinc.com,aol.com,44
Herminia,Nicolozakes,4 58th St #3519,Scottsdale,Maricopa,AZ,1974-03-16,85254,602-954-5141,602-304-6433,herminia@nicolozakes.org,http://www.seaislanddivoffstrindinc.com,nicolozakes.org,46
Casie,Good,5221 Bear Valley Rd,Nashville,Davidson,TN,1962-12-16,37211,615-390-2251,615-825-4297,casie.good@aol.com,http://www.papaydebbiejesq.com,aol.com,57
Reena,Maisto,9648 S Main,Salisbury,Wicomico,MD,1994-09-11,21801,410-351-1863,410-951-2667,reena@hotmail.com,http://www.lanepromotions.com,hotmail.com,25
Mirta,Mallett,7 S San Marcos Rd,New York,New York,NY,1981-05-20,10004,212-870-1286,212-745-6948,mirta_mallett@gmail.com,http://www.stephenkennerlyarchtsincpc.com,gmail.com,38
Cathrine,Pontoriero,812 S Haven St,Amarillo,Randall,TX,1998-09-08,79109,806-703-1435,806-558-5848,cathrine.pontoriero@pontoriero.com,http://www.businesssystemsofwisinc.com,pontoriero.com,21
Filiberto,Tawil,3882 W Congress St #799,Los Angeles,Los Angeles,CA,1972-05-03,90016,323-765-2528,323-842-8226,ftawil@hotmail.com,http://www.flashelenasalernoesq.com,hotmail.com,48
Raul,Upthegrove,4 E Colonial Dr,La Mesa,San Diego,CA,1958-05-26,91942,619-509-5282,619-666-4765,rupthegrove@yahoo.com,http://www.neeleygregorywesq.com,yahoo.com,61
Sarah,Candlish,45 2nd Ave #9759,Atlanta,Fulton,GA,1981-08-23,30328,770-732-1194,770-531-2842,sarah.candlish@gmail.com,http://www.alabamaeducationaltvcomm.com,gmail.com,38
Lucy,Treston,57254 Brickell Ave #372,Worcester,Worcester,MA,1966-03-06,1602,508-769-5250,508-502-5634,lucy@cox.net,http://www.franzinc.com,cox.net,54
Judy,Aquas,8977 Connecticut Ave Nw #3,Niles,Berrien,MI,1962-08-05,49120,269-756-7222,269-431-9464,jaquas@aquas.com,http://www.plantationrestaurant.com,aquas.com,57
Yvonne,Tjepkema,9 Waydell St,Fairfield,Essex,NJ,1975-12-28,7004,973-714-1721,973-976-8627,yvonne.tjepkema@hotmail.com,http://www.radiocommunicationsco.com,hotmail.com,44
Kayleigh,Lace,43 Huey P Long Ave,Lafayette,Lafayette,LA,1971-12-20,70508,337-740-9323,337-751-2326,kayleigh.lace@yahoo.com,http://www.dentalawdivsnhlthcare.com,yahoo.com,48
Felix,Hirpara,7563 Cornwall Rd #4462,Denver,Lancaster,PA,1978-01-13,17517,717-491-5643,717-583-1497,felix_hirpara@cox.net,http://www.americanspeedyprintingctrs.com,cox.net,42
Tresa,Sweely,22 Bridle Ln,Valley Park,Saint Louis,MO,1971-09-27,63088,314-359-9566,314-231-3514,tresa_sweely@hotmail.com,http://www.graysongrantsesq.com,hotmail.com,48
Kristeen,Turinetti,70099 E North Ave,Arlington,Tarrant,TX,1977-04-16,76013,817-213-8851,817-947-9480,kristeen@gmail.com,http://www.jeanerettemiddleschool.com,gmail.com,43
Jenelle,Regusters,3211 E Northeast Loop,Tampa,Hillsborough,FL,2002-07-15,33619,813-932-8715,813-357-7296,jregusters@regusters.com,http://www.haavistobrianfesq.com,regusters.com,17
Renea,Monterrubio,26 Montgomery St,Atlanta,Fulton,GA,2000-09-27,30328,770-679-4752,770-930-9967,renea@hotmail.com,http://www.wmmtradiostation.com,hotmail.com,19
Olive,Matuszak,13252 Lighthouse Ave,Cathedral City,Riverside,CA,2001-07-04,92234,760-938-6069,760-745-2649,olive@aol.com,http://www.colonypaintssalesofcplnt.com,aol.com,18
Ligia,Reiber,206 Main St #2804,Lansing,Ingham,MI,1976-03-26,48933,517-906-1108,517-747-7664,lreiber@cox.net,http://www.floralexpressions.com,cox.net,44
Christiane,Eschberger,96541 W Central Blvd,Phoenix,Maricopa,AZ,1992-05-19,85034,602-390-4944,602-330-6894,christiane.eschberger@yahoo.com,http://www.cascoservicesinc.com,yahoo.com,27
Goldie,Schirpke,34 Saint George Ave #2,Bangor,Penobscot,ME,1958-01-15,4401,207-295-7569,207-748-3722,goldie.schirpke@yahoo.com,http://www.reuterarthurcjr.com,yahoo.com,62
Loreta,Timenez,47857 Coney Island Ave,Clinton,Prince Georges,MD,1986-01-23,20735,301-696-6420,301-392-6698,loreta.timenez@hotmail.com,http://www.kaminskikatherineandritsaki.com,hotmail.com,34
Fabiola,Hauenstein,8573 Lincoln Blvd,York,York,PA,1997-12-08,17404,717-809-3119,717-344-2804,fabiola.hauenstein@hauenstein.org,http://www.sidewinderproductscorp.com,hauenstein.org,22
Amie,Perigo,596 Santa Maria Ave #7913,Mesquite,Dallas,TX,1967-09-15,75150,972-419-7946,972-898-1033,amie.perigo@yahoo.com,http://www.generalfoamcorporation.com,yahoo.com,52
Raina,Brachle,3829 Ventura Blvd,Butte,Silver Bow,MT,1965-02-04,59701,406-318-1515,406-374-7752,raina.brachle@brachle.org,http://www.ikgbordendivsnharscocorp.com,brachle.org,55
Erinn,Canlas,13 S Hacienda Dr,Livingston,Essex,NJ,1961-06-18,7039,973-767-3008,973-563-9502,erinn.canlas@canlas.com,http://www.anchorcomputerinc.com,canlas.com,58
Cherry,Lietz,40 9th Ave Sw #91,Waterford,Oakland,MI,1979-11-17,48329,248-980-6904,248-697-7722,cherry@lietz.com,http://www.sebringco.com,lietz.com,40
Kattie,Vonasek,2845 Boulder Crescent St,Cleveland,Cuyahoga,OH,1964-03-12,44103,216-923-3715,216-270-9653,kattie@vonasek.org,http://www.hacfarmlinescooptvassoc.com,vonasek.org,56
Lilli,Scriven,33 State St,Abilene,Taylor,TX,2001-11-21,79601,325-631-1560,325-667-7868,lilli@aol.com,http://www.hunterjohnjesq.com,aol.com,18
Whitley,Tomasulo,2 S 15th St,Fort Worth,Tarrant,TX,1981-02-04,76107,817-526-4408,817-819-7799,whitley.tomasulo@aol.com,http://www.freeholdfenceco.com,aol.com,39
Barbra,Adkin,4 Kohler Memorial Dr,Brooklyn,Kings,NY,1974-08-19,11230,718-201-3751,718-732-9475,badkin@hotmail.com,http://www.binswanger.com,hotmail.com,45
Hermila,Thyberg,1 Rancho Del Mar Shopping C,Providence,Providence,RI,1988-01-08,2903,401-893-4882,401-885-7681,hermila_thyberg@hotmail.com,http://www.chiltonmaltingco.com,hotmail.com,32
Jesusita,Flister,3943 N Highland Ave,Lancaster,Lancaster,PA,1996-11-18,17601,717-885-9118,717-686-7564,jesusita.flister@hotmail.com,http://www.schoenedwardjjr.com,hotmail.com,23
Caitlin,Julia,5 Williams St,Johnston,Providence,RI,1997-12-12,2919,401-948-4982,401-552-9059,caitlin.julia@julia.org,http://www.heldermanseymourcpa.com,julia.org,22
Roosevelt,Hoffis,60 Old Dover Rd,Hialeah,Miami-Dade,FL,2002-03-24,33014,305-622-4739,305-302-1135,roosevelt.hoffis@aol.com,http://www.denbrookmyron.com,aol.com,18
Helaine,Halter,8 Sheridan Rd,Jersey City,Hudson,NJ,1993-04-11,7304,201-832-4168,201-412-3040,hhalter@yahoo.com,http://www.lippittmike.com,yahoo.com,27
Lorean,Martabano,85092 Southern Blvd,San Antonio,Bexar,TX,1986-01-23,78204,210-856-4979,210-634-2447,lorean.martabano@hotmail.com,http://www.hiramhoggpesq.com,hotmail.com,34
France,Buzick,64 Newman Springs Rd E,Brooklyn,Kings,NY,1995-06-25,11219,718-478-8504,718-853-3740,france.buzick@yahoo.com,http://www.intravelagency.com,yahoo.com,24
Justine,Ferrario,48 Stratford Ave,Pomona,Los Angeles,CA,1975-10-01,91768,909-993-3242,909-631-5703,jferrario@hotmail.com,http://www.newhartfoodsinc.com,hotmail.com,44
Adelina,Nabours,80 Pittsford Victor Rd #9,Cleveland,Cuyahoga,OH,1986-06-18,44103,216-230-4892,216-937-5320,adelina_nabours@gmail.com,http://www.courtyardbymarriott.com,gmail.com,33
Derick,Dhamer,87163 N Main Ave,New York,New York,NY,2002-01-27,10013,212-304-4515,212-225-9676,ddhamer@cox.net,http://www.studereugeneaesq.com,cox.net,18
Jerry,Dallen,393 Lafayette Ave,Richmond,Richmond City,VA,1959-08-21,23219,804-762-9576,804-808-9574,jerry.dallen@yahoo.com,http://www.seashoresupplycowaretown.com,yahoo.com,60
Leota,Ragel,99 5th Ave #33,Trion,Chattooga,GA,1985-09-22,30753,706-221-4243,706-616-5131,leota.ragel@gmail.com,http://www.mayarsilkinc.com,gmail.com,34
Jutta,Amyot,49 N Mays St,Broussard,Lafayette,LA,1987-01-14,70518,337-515-1438,337-991-8070,jamyot@hotmail.com,http://www.nationalmedicalexcesscorp.com,hotmail.com,33
Aja,Gehrett,993 Washington Ave,Nutley,Essex,NJ,1960-09-27,7110,973-544-2677,973-986-4456,aja_gehrett@hotmail.com,http://www.sterocompany.com,hotmail.com,59
Kirk,Herritt,88 15th Ave Ne,Vestal,Broome,NY,1964-06-16,13850,607-407-3716,607-350-7690,kirk.herritt@aol.com,http://www.hastinghduaneesq.com,aol.com,55
Leonora,Mauson,3381 E 40th Ave,Passaic,Passaic,NJ,1962-11-12,7055,973-412-2995,973-355-2120,leonora@yahoo.com,http://www.instyprints.com,yahoo.com,57
Winfred,Brucato,201 Ridgewood Rd,Moscow,Latah,ID,1991-11-12,83843,208-252-4552,208-793-4108,winfred_brucato@hotmail.com,http://www.glenridgemanormobilehomepk.com,hotmail.com,28
Tarra,Nachor,39 Moccasin Dr,San Francisco,San Francisco,CA,1980-04-28,94104,415-411-1775,415-284-2730,tarra.nachor@cox.net,http://www.circuitsolutioninc.com,cox.net,40
Corinne,Loder,4 Carroll St,North Attleboro,Bristol,MA,1960-09-11,2760,508-942-4186,508-618-7826,corinne@loder.org,http://www.localoffice.com,loder.org,59
Dulce,Labreche,9581 E Arapahoe Rd,Rochester,Oakland,MI,1962-05-21,48307,248-357-8718,248-811-5696,dulce_labreche@yahoo.com,http://www.leekilkellypaulsonkabaker.com,yahoo.com,57
Kate,Keneipp,33 N Michigan Ave,Green Bay,Brown,WI,1959-12-20,54301,920-353-6377,920-355-1610,kate_keneipp@yahoo.com,http://www.davismaxonresq.com,yahoo.com,60
Kaitlyn,Ogg,2 S Biscayne Blvd,Baltimore,Baltimore City,MD,1972-07-13,21230,410-665-4903,410-773-3862,kaitlyn.ogg@gmail.com,http://www.garrisonpauleesq.com,gmail.com,47
Sherita,Saras,8 Us Highway 22,Colorado Springs,El Paso,CO,1996-07-21,80937,719-669-1664,719-547-9543,sherita.saras@cox.net,http://www.blackhistoryresourcecenter.com,cox.net,23
Lashawnda,Stuer,7422 Martin Ave #8,Toledo,Lucas,OH,1989-11-21,43607,419-588-8719,419-399-1744,lstuer@cox.net,http://www.rodriguezjchristopheresq.com,cox.net,30
Ernest,Syrop,94 Chase Rd,Hyattsville,Prince Georges,MD,2000-07-15,20785,301-998-9644,301-257-4883,ernest@cox.net,http://www.grantfamilyhealthcenter.com,cox.net,19
Nobuko,Halsey,8139 I Hwy 10 #92,New Bedford,Bristol,MA,1999-08-20,2745,508-855-9887,508-897-7916,nobuko.halsey@yahoo.com,http://www.goemanwoodproductsinc.com,yahoo.com,20
Lavonna,Wolny,5 Cabot Rd,Mc Lean,Fairfax,VA,1961-07-25,22102,703-483-1970,703-892-2914,lavonna.wolny@hotmail.com,http://www.linhareskennethaesq.com,hotmail.com,58
Lashaunda,Lizama,3387 Ryan Dr,Hanover,Anne Arundel,MD,1958-01-08,21076,410-678-2473,410-912-6032,llizama@cox.net,http://www.earnhardtprinting.com,cox.net,62
Mariann,Bilden,3125 Packer Ave #9851,Austin,Travis,TX,1967-04-02,78753,512-223-4791,512-742-1149,mariann.bilden@aol.com,http://www.hpgindustrysinc.com,aol.com,53
Helene,Rodenberger,347 Chestnut St,Peoria,Maricopa,AZ,1960-08-08,85381,623-461-8551,623-426-4907,helene@aol.com,http://www.baileytransportationprodinc.com,aol.com,59
Roselle,Estell,8116 Mount Vernon Ave,Bucyrus,Crawford,OH,1964-09-14,44820,419-571-5920,419-488-6648,roselle.estell@hotmail.com,http://www.mcglynnblisspc.com,hotmail.com,55
Samira,Heintzman,8772 Old County Rd #5410,Kent,King,WA,2001-09-24,98032,206-311-4137,206-923-6042,sheintzman@hotmail.com,http://www.mutualfishco.com,hotmail.com,18
Margart,Meisel,868 State St #38,Cincinnati,Hamilton,OH,1984-12-21,45251,513-617-2362,513-747-9603,margart_meisel@yahoo.com,http://www.yeatesarthurlaia.com,yahoo.com,35
Kristofer,Bennick,772 W River Dr,Bloomington,Monroe,IN,1996-02-13,47404,812-368-1511,812-442-8544,kristofer.bennick@yahoo.com,http://www.loganronaldjesq.com,yahoo.com,24
Weldon,Acuff,73 W Barstow Ave,Arlington Heights,Cook,IL,1998-02-02,60004,847-353-2156,847-613-5866,wacuff@gmail.com,http://www.advantagemartgagecompany.com,gmail.com,22
Shalon,Shadrick,61047 Mayfield Ave,Brooklyn,Kings,NY,1965-03-04,11223,718-232-2337,718-394-4974,shalon@cox.net,http://www.germerandgertzllp.com,cox.net,55
Denise,Patak,2139 Santa Rosa Ave,Orlando,Orange,FL,1973-01-11,32801,407-446-4358,407-808-3254,denise@patak.org,http://www.spencelawoffices.com,patak.org,47
Louvenia,Beech,598 43rd St,Beverly Hills,Los Angeles,CA,1971-04-16,90210,310-820-2117,310-652-2379,louvenia.beech@beech.com,http://www.johnortizntstherapycenter.com,beech.com,49
Audry,Yaw,70295 Pioneer Ct,Brandon,Hillsborough,FL,2002-11-26,33511,813-797-4816,813-744-7100,audry.yaw@yaw.org,http://www.mikeuchrinhtgaircondinc.com,yaw.org,17
Kristel,Ehmann,92899 Kalakaua Ave,El Paso,El Paso,TX,1996-07-23,79925,915-452-1290,915-300-6100,kristel.ehmann@aol.com,http://www.mccoyjoyreynoldsesq.com,aol.com,23
Vincenza,Zepp,395 S 6th St #2,El Cajon,San Diego,CA,2002-04-13,92020,619-603-5125,619-935-6661,vzepp@gmail.com,http://www.kboram.com,gmail.com,18
Elouise,Gwalthney,9506 Edgemore Ave,Bladensburg,Prince Georges,MD,1966-06-15,20710,301-841-5012,301-591-3034,egwalthney@yahoo.com,http://www.qualityinnnorthwest.com,yahoo.com,53
Venita,Maillard,72119 S Walker Ave #63,Anaheim,Orange,CA,1975-12-26,92801,714-523-6653,714-663-9740,venita_maillard@gmail.com,http://www.wallacechurchassocinc.com,gmail.com,44
Kasandra,Semidey,369 Latham St #500,Saint Louis,Saint Louis City,MO,1984-01-19,63102,314-732-9131,314-697-3652,kasandra_semidey@semidey.com,http://www.cantron.com,semidey.com,36
Xochitl,Discipio,3158 Runamuck Pl,Round Rock,Williamson,TX,1984-10-22,78664,512-233-1831,512-942-3411,xdiscipio@gmail.com,http://www.ravaalenterprisesinc.com,gmail.com,35
Maile,Linahan,9 Plainsboro Rd #598,Greensboro,Guilford,NC,1981-10-23,27409,336-670-2640,336-364-6037,mlinahan@yahoo.com,http://www.thompsonsteelcompanyinc.com,yahoo.com,38
Krissy,Rauser,8728 S Broad St,Coram,Suffolk,NY,1975-10-14,11727,631-443-4710,631-288-2866,krauser@cox.net,http://www.andersonmarkaesq.com,cox.net,44
Pete,Dubaldi,2215 Prosperity Dr,Lyndhurst,Bergen,NJ,1990-07-17,7071,201-825-2514,201-749-8866,pdubaldi@hotmail.com,http://www.womackgalich.com,hotmail.com,29
Linn,Paa,1 S Pine St,Memphis,Shelby,TN,1980-07-23,38112,901-412-4381,901-573-9024,linn_paa@paa.com,http://www.valeriecompany.com,paa.com,39
Paris,Wide,187 Market St,Atlanta,Fulton,GA,1978-02-22,30342,404-505-4445,404-607-8435,paris@hotmail.com,http://www.gehringpumpsinc.com,hotmail.com,42
Wynell,Dorshorst,94290 S Buchanan St,Pacifica,San Mateo,CA,1972-04-11,94044,650-473-1262,650-749-9879,wynell_dorshorst@dorshorst.org,http://www.haehnelcraigwesq.com,dorshorst.org,48
Quentin,Birkner,7061 N 2nd St,Burnsville,Dakota,MN,1999-10-07,55337,952-702-7993,952-314-5871,qbirkner@aol.com,http://www.spoorbehrinscampbellyoung.com,aol.com,20
Regenia,Kannady,10759 Main St,Scottsdale,Maricopa,AZ,1961-03-02,85260,480-726-1280,480-205-5121,regenia.kannady@cox.net,http://www.kenjeterstoreequipmentinc.com,cox.net,59
Sheron,Louissant,97 E 3rd St #9,Long Island City,Queens,NY,1956-02-02,11101,718-976-8610,718-613-9994,sheron@aol.com,http://www.potterbrendajcpa.com,aol.com,64
Izetta,Funnell,82 Winsor St #54,Atlanta,Dekalb,GA,1969-12-21,30340,770-844-3447,770-584-4119,izetta.funnell@hotmail.com,http://www.bairdkurtzdobson.com,hotmail.com,50
Rodolfo,Butzen,41 Steel Ct,Northfield,Rice,MN,1980-03-23,55057,507-210-3510,507-590-5237,rodolfo@hotmail.com,http://www.minorcynthiaaesq.com,hotmail.com,40
Zona,Colla,49440 Dearborn St,Norwalk,Fairfield,CT,1959-06-18,6854,203-461-1949,203-938-2557,zona@hotmail.com,http://www.soloverobertaesq.com,hotmail.com,60
Serina,Zagen,7 S Beverly Dr,Fort Wayne,Allen,IN,1988-10-26,46802,260-273-3725,260-382-4869,szagen@aol.com,http://www.markiiimportsinc.com,aol.com,31
Paz,Sahagun,919 Wall Blvd,Meridian,Lauderdale,MS,1993-08-28,39307,601-927-8287,601-249-4511,paz_sahagun@cox.net,http://www.whitesigndivctrlequipco.com,cox.net,26
Markus,Lukasik,89 20th St E #779,Sterling Heights,Macomb,MI,1982-05-20,48310,586-970-7380,586-247-1614,markus@yahoo.com,http://www.mmstorefixturescoinc.com,yahoo.com,37
Jaclyn,Bachman,721 Interstate 45 S,Colorado Springs,El Paso,CO,1981-07-13,80919,719-853-3600,719-223-2074,jaclyn@aol.com,http://www.judahcasterwheelco.com,aol.com,38
Cyril,Daufeldt,3 Lawton St,New York,New York,NY,1970-06-14,10013,212-745-8484,212-422-5427,cyril_daufeldt@daufeldt.com,http://www.galaxyinternationalinc.com,daufeldt.com,49
Gayla,Schnitzler,38 Pleasant Hill Rd,Hayward,Alameda,CA,1960-03-27,94545,510-686-3407,510-441-4055,gschnitzler@gmail.com,http://www.sigmacorpofamerica.com,gmail.com,60
Erick,Nievas,45 E Acacia Ct,Chicago,Cook,IL,1997-11-24,60624,773-704-9903,773-359-6109,erick_nievas@aol.com,http://www.sowardanneesq.com,aol.com,22
Jennie,Drymon,63728 Poway Rd #1,Scranton,Lackawanna,PA,1971-11-23,18509,570-218-4831,570-868-8688,jennie@cox.net,http://www.osbornemichellemesq.com,cox.net,48
Mitsue,Scipione,77 222 Dr,Oroville,Butte,CA,1971-07-09,95965,530-986-9272,530-399-3254,mscipione@scipione.com,http://www.studentsinfreeentrprsnatl.com,scipione.com,48
Ciara,Ventura,53 W Carey St,Port Jervis,Orange,NY,1968-01-18,12771,845-823-8877,845-694-7919,cventura@yahoo.com,http://www.johnsonrobertmesq.com,yahoo.com,52
Galen,Cantres,617 Nw 36th Ave,Brook Park,Cuyahoga,OH,1956-08-19,44142,216-600-6111,216-871-6876,galen@yahoo.com,http://www.delcharroapartments.com,yahoo.com,63
Truman,Feichtner,539 Coldwater Canyon Ave,Bloomfield,Essex,NJ,1957-06-26,7003,973-852-2736,973-473-5108,tfeichtner@yahoo.com,http://www.legalsearchinc.com,yahoo.com,62
Gail,Kitty,735 Crawford Dr,Anchorage,Anchorage,AK,1969-01-28,99501,907-435-9166,907-770-3542,gail@kitty.com,http://www.servicesupplycoinc.com,kitty.com,51
Dalene,Schoeneck,910 Rahway Ave,Philadelphia,Philadelphia,PA,1962-12-03,19102,215-268-1275,215-380-8820,dalene@schoeneck.org,http://www.sameshimadouglasjesq.com,schoeneck.org,57
Gertude,Witten,7 Tarrytown Rd,Cincinnati,Hamilton,OH,1976-11-15,45217,513-977-7043,513-863-9471,gertude.witten@gmail.com,http://www.thompsonjohnrandolphjr.com,gmail.com,43
Lizbeth,Kohl,35433 Blake St #588,Gardena,Los Angeles,CA,1971-08-11,90248,310-699-1222,310-955-5788,lizbeth@yahoo.com,http://www.etbalancingcoinc.com,yahoo.com,48
Glenn,Berray,29 Cherry St #7073,Des Moines,Polk,IA,1988-04-02,50315,515-370-7348,515-372-1738,gberray@gmail.com,http://www.griswoldjohneesq.com,gmail.com,32
Lashandra,Klang,810 N La Brea Ave,King of Prussia,Montgomery,PA,1955-08-10,19406,610-809-1818,610-378-7332,lashandra@yahoo.com,http://www.acquagroup.com,yahoo.com,64
Lenna,Newville,987 Main St,Raleigh,Wake,NC,1993-07-25,27601,919-623-2524,919-254-5987,lnewville@newville.com,http://www.brooksmorrisjjr.com,newville.com,26
Laurel,Pagliuca,36 Enterprise St Se,Richland,Benton,WA,1971-04-04,99352,509-695-5199,509-595-6485,laurel@yahoo.com,http://www.printingimagescorp.com,yahoo.com,49
Mireya,Frerking,8429 Miller Rd,Pelham,Westchester,NY,1964-04-03,10803,914-868-5965,914-883-3061,mireya.frerking@hotmail.com,http://www.robertssupplycoinc.com,hotmail.com,56
Annelle,Tagala,5 W 7th St,Parkville,Baltimore,MD,1987-09-09,21234,410-757-1035,410-234-2267,annelle@yahoo.com,http://www.vicoproductsmfgco.com,yahoo.com,32
Dean,Ketelsen,2 Flynn Rd,Hicksville,Nassau,NY,1984-08-22,11801,516-847-4418,516-732-6649,dean_ketelsen@gmail.com,http://www.jmcustomdesignmillwork.com,gmail.com,35
Levi,Munis,2094 Ne 36th Ave,Worcester,Worcester,MA,1972-03-03,1603,508-456-4907,508-658-7802,levi.munis@gmail.com,http://www.farrelljohnsonofficeequip.com,gmail.com,48
Sylvie,Ryser,649 Tulane Ave,Tulsa,Tulsa,OK,2001-04-23,74105,918-644-9555,918-565-1706,sylvie@aol.com,http://www.millersmarketdeli.com,aol.com,19
Sharee,Maile,2094 Montour Blvd,Muskegon,Muskegon,MI,1978-02-22,49442,231-467-9978,231-265-6940,sharee_maile@aol.com,http://www.holidayinnnaperville.com,aol.com,42
Cordelia,Storment,393 Hammond Dr,Lafayette,Lafayette,LA,1972-10-17,70506,337-566-6001,337-255-3427,cordelia_storment@aol.com,http://www.burrowsjonhesq.com,aol.com,47
Mollie,Mcdoniel,8590 Lake Lizzie Dr,Bowling Green,Wood,OH,1957-02-28,43402,419-975-3182,419-417-4674,mollie_mcdoniel@yahoo.com,http://www.docksealspecialty.com,yahoo.com,63
Brett,Mccullan,87895 Concord Rd,La Mesa,San Diego,CA,2001-03-27,91942,619-461-9984,619-727-3892,brett.mccullan@mccullan.com,http://www.fivestarlimousinesoftxinc.com,mccullan.com,19
Teddy,Pedrozo,46314 Route 130,Bridgeport,Fairfield,CT,1993-06-03,6610,203-892-3863,203-918-3939,teddy_pedrozo@aol.com,http://www.barkannealjesq.com,aol.com,26
Tasia,Andreason,4 Cowesett Ave,Kearny,Hudson,NJ,1974-10-25,7032,201-920-9002,201-969-7063,tasia_andreason@yahoo.com,http://www.campbellroberta.com,yahoo.com,45
Hubert,Walthall,95 Main Ave #2,Barberton,Summit,OH,1967-06-17,44203,330-903-1345,330-566-8898,hubert@walthall.org,http://www.deedeanna.com,walthall.org,52
Arthur,Farrow,28 S 7th St #2824,Englewood,Bergen,NJ,1984-09-22,7631,201-238-5688,201-772-4377,arthur.farrow@yahoo.com,http://www.youngtimothylesq.com,yahoo.com,35
Vilma,Berlanga,79 S Howell Ave,Grand Rapids,Kent,MI,1996-07-20,49546,616-737-3085,616-568-4113,vberlanga@berlanga.com,http://www.wellsdfredesq.com,berlanga.com,23
Billye,Miro,36 Lancaster Dr Se,Pearl,Rankin,MS,1983-03-19,39208,601-567-5386,601-637-5479,billye_miro@cox.net,http://www.grayfrancinehesq.com,cox.net,37
Glenna,Slayton,2759 Livingston Ave,Memphis,Shelby,TN,1970-02-15,38118,901-640-9178,901-869-4314,glenna_slayton@cox.net,http://www.toledoivcare.com,cox.net,50
Mitzie,Hudnall,17 Jersey Ave,Englewood,Arapahoe,CO,1990-03-04,80110,303-402-1940,303-997-7760,mitzie_hudnall@yahoo.com,http://www.cangrotransmissionco.com,yahoo.com,30
Bernardine,Rodefer,2 W Grand Ave,Memphis,Shelby,TN,1989-08-07,38112,901-901-4726,901-739-5892,bernardine_rodefer@yahoo.com,http://www.satpolyinc.com,yahoo.com,30
Staci,Schmaltz,18 Coronado Ave #563,Pasadena,Los Angeles,CA,1980-03-23,91106,626-866-2339,626-293-7678,staci_schmaltz@aol.com,http://www.midwestcontractingmfginc.com,aol.com,40
Nichelle,Meteer,72 Beechwood Ter,Chicago,Cook,IL,1984-10-20,60657,773-225-9985,773-857-2231,nichelle_meteer@meteer.com,http://www.printdoctor.com,meteer.com,35
Janine,Rhoden,92 Broadway,Astoria,Queens,NY,1991-02-10,11103,718-228-5894,718-728-5051,jrhoden@yahoo.com,http://www.nordicgroupinc.com,yahoo.com,29
Ettie,Hoopengardner,39 Franklin Ave,Richland,Benton,WA,1959-04-23,99352,509-755-5393,509-847-3352,ettie.hoopengardner@hotmail.com,http://www.jacksonmillworkco.com,hotmail.com,61
Eden,Jayson,4 Iwaena St,Baltimore,Baltimore City,MD,1979-09-17,21202,410-890-7866,410-429-4888,eden_jayson@yahoo.com,http://www.harriscorporation.com,yahoo.com,40
Lynelle,Auber,32820 Corkwood Rd,Newark,Essex,NJ,1976-01-15,7104,973-860-8610,973-605-6492,lynelle_auber@gmail.com,http://www.unitedcerebralpalsyofnepa.com,gmail.com,44
Merissa,Tomblin,34 Raritan Center Pky,Bellflower,Los Angeles,CA,1984-01-27,90706,562-579-6900,562-719-7922,merissa.tomblin@gmail.com,http://www.onedaysurgerycenterinc.com,gmail.com,36
Golda,Kaniecki,6201 S Nevada Ave,Toms River,Ocean,NJ,1960-06-16,8755,732-628-9909,732-617-5310,golda_kaniecki@yahoo.com,http://www.calaverasprospect.com,yahoo.com,59
Catarina,Gleich,78 Maryland Dr #146,Denville,Morris,NJ,1961-06-03,7834,973-210-3994,973-491-8723,catarina_gleich@hotmail.com,http://www.terkroberteesq.com,hotmail.com,58
Virgie,Kiel,76598 Rd  I 95 #1,Denver,Denver,CO,1995-02-26,80216,303-776-7548,303-845-5408,vkiel@hotmail.com,http://www.cullenterrencepesq.com,hotmail.com,25
Jolene,Ostolaza,1610 14th St Nw,Newport News,Newport News City,VA,1994-09-08,23608,757-682-7116,757-940-1741,jolene@yahoo.com,http://www.centraldiecastingmfgcoinc.com,yahoo.com,25
Keneth,Borgman,86350 Roszel Rd,Phoenix,Maricopa,AZ,1992-04-01,85012,602-919-4211,602-442-3092,keneth@yahoo.com,http://www.centerlineengineering.com,yahoo.com,28
Rikki,Nayar,1644 Clove Rd,Miami,Miami-Dade,FL,1971-12-08,33155,305-968-9487,305-978-2069,rikki@nayar.com,http://www.targankievitpa.com,nayar.com,48
Elke,Sengbusch,9 W Central Ave,Phoenix,Maricopa,AZ,1988-06-04,85013,602-896-2993,602-575-3457,elke_sengbusch@yahoo.com,http://www.rileyriperhollincolagreco.com,yahoo.com,31
Hoa,Sarao,27846 Lafayette Ave,Oak Hill,Volusia,FL,1982-12-10,32759,386-526-7800,386-599-7296,hoa@sarao.org,http://www.kaplanjoelsesq.com,sarao.org,37
Trinidad,Mcrae,10276 Brooks St,San Francisco,San Francisco,CA,1994-02-02,94105,415-331-9634,415-419-1597,trinidad_mcrae@yahoo.com,http://www.wateroffice.com,yahoo.com,26
Mari,Lueckenbach,1 Century Park E,San Diego,San Diego,CA,1972-03-16,92110,858-793-9684,858-228-5683,mari_lueckenbach@yahoo.com,http://www.westbrooksnelsonejr.com,yahoo.com,48
Selma,Husser,9 State Highway 57 #22,Jersey City,Hudson,NJ,1995-03-12,7306,201-991-8369,201-772-7699,selma.husser@cox.net,http://www.armoncommunications.com,cox.net,25
Antione,Onofrio,4 S Washington Ave,San Bernardino,San Bernardino,CA,1958-03-16,92410,909-430-7765,909-665-3223,aonofrio@onofrio.com,http://www.jacobsgerberinc.com,onofrio.com,62
Luisa,Jurney,25 Se 176th Pl,Cambridge,Middlesex,MA,2002-04-08,2138,617-365-2134,617-544-2541,ljurney@hotmail.com,http://www.forestfirelaboratory.com,hotmail.com,18
Clorinda,Heimann,105 Richmond Valley Rd,Escondido,San Diego,CA,1994-05-21,92025,760-291-5497,760-261-4786,clorinda.heimann@hotmail.com,http://www.haugheycharlesjr.com,hotmail.com,25
Dick,Wenzinger,22 Spruce St #595,Gardena,Los Angeles,CA,1973-10-13,90248,310-510-9713,310-936-2258,dick@yahoo.com,http://www.wheatonplasticproducts.com,yahoo.com,46
Ahmed,Angalich,2 W Beverly Blvd,Harrisburg,Dauphin,PA,1973-02-10,17110,717-528-8996,717-632-5831,ahmed.angalich@angalich.com,http://www.reeseplastics.com,angalich.com,47
Iluminada,Ohms,72 Southern Blvd,Mesa,Maricopa,AZ,1972-07-13,85204,480-293-2882,480-866-6544,iluminada.ohms@yahoo.com,http://www.nazettemarnergoodwendt.com,yahoo.com,47
Joanna,Leinenbach,1 Washington St,Lake Worth,Palm Beach,FL,1980-11-06,33461,561-470-4574,561-951-9734,joanna_leinenbach@hotmail.com,http://www.levinsonaxelrodwheaton.com,hotmail.com,39
Caprice,Suell,90177 N 55th Ave,Nashville,Davidson,TN,1992-06-28,37211,615-246-1824,615-726-4537,caprice@aol.com,http://www.egnorwdanesq.com,aol.com,27
Stephane,Myricks,9 Tower Ave,Burlington,Boone,KY,1978-01-08,41005,859-717-7638,859-308-4286,stephane_myricks@cox.net,http://www.portlandcentralthriftlodge.com,cox.net,42
Quentin,Swayze,278 Bayview Ave,Milan,Monroe,MI,1955-07-16,48160,734-561-6170,734-851-8571,quentin_swayze@yahoo.com,http://www.ulbrichtrucking.com,yahoo.com,64
Annmarie,Castros,80312 W 32nd St,Conroe,Montgomery,TX,1993-12-14,77301,936-751-7961,936-937-2334,annmarie_castros@gmail.com,http://www.tipiakinc.com,gmail.com,26
Shonda,Greenbush,82 Us Highway 46,Clifton,Passaic,NJ,1957-07-24,7011,973-482-2430,973-644-2974,shonda_greenbush@cox.net,http://www.saintgeorgewelldrilling.com,cox.net,62
Cecil,Lapage,4 Stovall St #72,Union City,Hudson,NJ,1965-01-09,7087,201-693-3967,201-856-2720,clapage@lapage.com,http://www.hawkesdouglasd.com,lapage.com,55
Jeanice,Claucherty,19 Amboy Ave,Miami,Miami-Dade,FL,1981-01-16,33142,305-988-4162,305-306-7834,jeanice.claucherty@yahoo.com,http://www.accurelsystemsintrntlcorp.com,yahoo.com,39
Josphine,Villanueva,63 Smith Ln #8343,Moss,Clay,TN,1963-12-13,38575,931-553-9774,931-486-6946,josphine_villanueva@villanueva.com,http://www.santacruzcommunityinternet.com,villanueva.com,56
Daniel,Perruzza,11360 S Halsted St,Santa Ana,Orange,CA,1963-12-11,92705,714-771-3880,714-531-1391,dperruzza@perruzza.com,http://www.gershdanielson.com,perruzza.com,56
Cassi,Wildfong,26849 Jefferson Hwy,Rolling Meadows,Cook,IL,1962-05-21,60008,847-633-3216,847-755-9041,cassi.wildfong@aol.com,http://www.cobbjamesoesq.com,aol.com,57
Britt,Galam,2500 Pringle Rd Se #508,Hatfield,Montgomery,PA,1997-12-06,19440,215-888-3304,215-351-8523,britt@galam.org,http://www.wheatleytruckingcompany.com,galam.org,22
Adell,Lipkin,65 Mountain View Dr,Whippany,Morris,NJ,1963-06-05,7981,973-654-1561,973-662-8988,adell.lipkin@lipkin.com,http://www.systemsgraphincabdickdlr.com,lipkin.com,56
Jacqueline,Rowling,1 N San Saba,Erie,Erie,PA,1975-02-01,16501,814-865-8113,814-481-1700,jacqueline.rowling@yahoo.com,http://www.johnhancockmutllifeinsco.com,yahoo.com,45
Lonny,Weglarz,51120 State Route 18,Salt Lake City,Salt Lake,UT,1959-05-22,84115,801-293-9853,801-892-8781,lonny_weglarz@gmail.com,http://www.historydivisionofstate.com,gmail.com,60
Lonna,Diestel,1482 College Ave,Fayetteville,Cumberland,NC,1994-12-08,28301,910-922-3672,910-200-7912,lonna_diestel@gmail.com,http://www.dimmockthomasjesq.com,gmail.com,25
Cristal,Samara,4119 Metropolitan Dr,Los Angeles,Los Angeles,CA,1980-12-25,90021,213-975-8026,213-696-8004,cristal@cox.net,http://www.intermedinc.com,cox.net,39
Kenneth,Grenet,2167 Sierra Rd,East Lansing,Ingham,MI,1967-04-07,48823,517-499-2322,517-867-8077,kenneth.grenet@grenet.org,http://www.bankofnewyork.com,grenet.org,53
Elli,Mclaird,6 Sunrise Ave,Utica,Oneida,NY,1999-07-15,13501,315-818-2638,315-474-5570,emclaird@mclaird.com,http://www.sportmasterintrnatl.com,mclaird.com,20
Alline,Jeanty,55713 Lake City Hwy,South Bend,St Joseph,IN,1987-07-28,46601,574-656-2800,574-405-1983,ajeanty@gmail.com,http://www.wwjohnholdeninc.com,gmail.com,32
Sharika,Eanes,75698 N Fiesta Blvd,Orlando,Orange,FL,1992-01-25,32806,407-312-1691,407-472-1332,sharika.eanes@aol.com,http://www.maccanidelp.com,aol.com,28
Nu,Mcnease,88 Sw 28th Ter,Harrison,Hudson,NJ,1999-06-21,7029,973-751-9003,973-903-4175,nu@gmail.com,http://www.amazoniafilmproject.com,gmail.com,20
Daniela,Comnick,7 Flowers Rd #403,Trenton,Mercer,NJ,1989-07-16,8611,609-200-8577,609-398-2805,dcomnick@cox.net,http://www.watersewerdepartment.com,cox.net,30
Cecilia,Colaizzo,4 Nw 12th St #3849,Madison,Dane,WI,1969-09-02,53717,608-382-4541,608-302-3387,cecilia_colaizzo@colaizzo.com,http://www.switchcraftinc.com,colaizzo.com,50
Leslie,Threets,2 A Kelley Dr,Katonah,Westchester,NY,1978-03-14,10536,914-861-9748,914-396-2615,leslie@cox.net,http://www.cwdcmetalfabricators.com,cox.net,42
Nan,Koppinger,88827 Frankford Ave,Greensboro,Guilford,NC,1986-09-01,27401,336-370-5333,336-564-1492,nan@koppinger.com,http://www.shimotanigracet.com,koppinger.com,33
Izetta,Dewar,2 W Scyene Rd #3,Baltimore,Baltimore City,MD,1980-01-11,21217,410-473-1708,410-522-7621,idewar@dewar.com,http://www.lisatonijeanesq.com,dewar.com,40
Tegan,Arceo,62260 Park Stre,Monroe Township,Middlesex,NJ,1970-03-25,8831,732-730-2692,732-705-6719,tegan.arceo@arceo.org,http://www.ceramictilesalesinc.com,arceo.org,50
Ruthann,Keener,3424 29th St Se,Kerrville,Kerr,TX,1955-04-26,78028,830-258-2769,830-919-5991,ruthann@hotmail.com,http://www.maidencraftinc.com,hotmail.com,65
Joni,Breland,35 E Main St #43,Elk Grove Village,Cook,IL,1991-01-24,60007,847-519-5906,847-740-5304,joni_breland@cox.net,http://www.carriagehousecllsnrprinc.com,cox.net,29
Vi,Rentfro,7163 W Clark Rd,Freehold,Monmouth,NJ,1959-02-01,7728,732-605-4781,732-724-7251,vrentfro@cox.net,http://www.videoworkshop.com,cox.net,61
Colette,Kardas,21575 S Apple Creek Rd,Omaha,Douglas,NE,1982-03-21,68124,402-896-5943,402-707-1602,colette.kardas@yahoo.com,http://www.fresnotilecenterinc.com,yahoo.com,38
Malcolm,Tromblay,747 Leonis Blvd,Annandale,Fairfax,VA,1990-04-18,22003,703-221-5602,703-874-4248,malcolm_tromblay@cox.net,http://www.versatilesashwoodwork.com,cox.net,30
Ryan,Harnos,13 Gunnison St,Plano,Collin,TX,1959-09-24,75075,972-558-1665,972-961-4968,ryan@cox.net,http://www.warnerelectricbrkcltchco.com,cox.net,60
Jess,Chaffins,18 3rd Ave,New York,New York,NY,1971-04-16,10016,212-510-4633,212-428-9538,jess.chaffins@chaffins.org,http://www.newyorkpubliclibrary.com,chaffins.org,49
Sharen,Bourbon,62 W Austin St,Syosset,Nassau,NY,1971-09-24,11791,516-816-1541,516-749-3188,sbourbon@yahoo.com,http://www.mccalebjohnaesq.com,yahoo.com,48
Nickolas,Juvera,177 S Rider Trl #52,Crystal River,Citrus,FL,1962-02-15,34429,352-598-8301,352-947-6152,nickolas_juvera@cox.net,http://www.unitedoilcoinc.com,cox.net,58
Gary,Nunlee,2 W Mount Royal Ave,Fortville,Hancock,IN,1966-02-16,46040,317-542-6023,317-887-8486,gary_nunlee@nunlee.org,http://www.irvingfootcenter.com,nunlee.org,54
Diane,Devreese,1953 Telegraph Rd,Saint Joseph,Buchanan,MO,1963-08-04,64504,816-557-9673,816-329-5565,diane@cox.net,http://www.acmesupplyco.com,cox.net,56
Roslyn,Chavous,63517 Dupont St,Jackson,Hinds,MS,1992-01-07,39211,601-234-9632,601-973-5754,roslyn.chavous@chavous.org,http://www.mcraejamesl.com,chavous.org,28
Glory,Schieler,5 E Truman Rd,Abilene,Taylor,TX,2000-10-14,79602,325-869-2649,325-740-3778,glory@yahoo.com,http://www.mcgrathsseafood.com,yahoo.com,19
Rasheeda,Sayaphon,251 Park Ave #979,Saratoga,Santa Clara,CA,1957-10-07,95070,408-805-4309,408-997-7490,rasheeda@aol.com,http://www.kummererjmichaelesq.com,aol.com,62
Alpha,Palaia,43496 Commercial Dr #29,Cherry Hill,Camden,NJ,1965-12-04,8003,856-312-2629,856-513-7024,alpha@yahoo.com,http://www.stofferjamesmjr.com,yahoo.com,54
Refugia,Jacobos,2184 Worth St,Hayward,Alameda,CA,1971-08-05,94545,510-974-8671,510-509-3496,refugia.jacobos@jacobos.com,http://www.northcentralflsftycncl.com,jacobos.com,48
Shawnda,Yori,50126 N Plankinton Ave,Longwood,Seminole,FL,1960-10-07,32750,407-538-5106,407-564-8113,shawnda.yori@yahoo.com,http://www.fioruccifoodsusainc.com,yahoo.com,59
Mona,Delasancha,38773 Gravois Ave,Cheyenne,Laramie,WY,1983-06-14,82001,307-403-1488,307-816-7115,mdelasancha@hotmail.com,http://www.signall.com,hotmail.com,36
Gilma,Liukko,16452 Greenwich St,Garden City,Nassau,NY,1957-12-03,11530,516-393-9967,516-407-9573,gilma_liukko@gmail.com,http://www.sammyssteakden.com,gmail.com,62
Janey,Gabisi,40 Cambridge Ave,Madison,Dane,WI,1996-12-04,53715,608-967-7194,608-586-6912,jgabisi@hotmail.com,http://www.dobschastephenfesq.com,hotmail.com,23
Lili,Paskin,20113 4th Ave E,Kearny,Hudson,NJ,1993-04-19,7032,201-431-2989,201-478-8540,lili.paskin@cox.net,http://www.morgancustomhomes.com,cox.net,27
Loren,Asar,6 Ridgewood Center Dr,Old Forge,Lackawanna,PA,1990-08-17,18518,570-648-3035,570-569-2356,loren.asar@aol.com,http://www.olsenpaynecompany.com,aol.com,29
Dorothy,Chesterfield,469 Outwater Ln,San Diego,San Diego,CA,1975-04-28,92126,858-617-7834,858-732-1884,dorothy@cox.net,http://www.cowankelly.com,cox.net,45
Gail,Similton,62 Monroe St,Thousand Palms,Riverside,CA,2000-10-07,92276,760-616-5388,760-493-9208,gail_similton@similton.com,http://www.johnsonwesesq.com,similton.com,19
Catalina,Tillotson,3338 A Lockport Pl #6,Margate City,Atlantic,NJ,1987-01-02,8402,609-373-3332,609-826-4990,catalina@hotmail.com,http://www.icnpharmaceuticalsinc.com,hotmail.com,33
Lawrence,Lorens,9 Hwy,Providence,Providence,RI,1978-05-28,2906,401-465-6432,401-893-1820,lawrence.lorens@hotmail.com,http://www.newenglandsecequipcoinc.com,hotmail.com,41
Carlee,Boulter,8284 Hart St,Abilene,Dickinson,KS,1999-08-01,67410,785-347-1805,785-253-7049,carlee.boulter@hotmail.com,http://www.tippetttroymii.com,hotmail.com,20
Thaddeus,Ankeny,5 Washington St #1,Roseville,Placer,CA,1979-01-17,95678,916-920-3571,916-459-2433,tankeny@ankeny.org,http://www.atccontracting.com,ankeny.org,41
Jovita,Oles,8 S Haven St,Daytona Beach,Volusia,FL,1965-06-14,32114,386-248-4118,386-208-6976,joles@gmail.com,http://www.paganophilipgesq.com,gmail.com,54
Alesia,Hixenbaugh,9 Front St,Washington,District of Columbia,DC,2000-03-03,20001,202-646-7516,202-276-6826,alesia_hixenbaugh@hixenbaugh.org,http://www.kwikprint.com,hixenbaugh.org,20
Lai,Harabedian,1933 Packer Ave #2,Novato,Marin,CA,2000-01-05,94945,415-423-3294,415-926-6089,lai@gmail.com,http://www.buergimaddenscale.com,gmail.com,20
Brittni,Gillaspie,67 Rv Cent,Boise,Ada,ID,1974-11-28,83709,208-709-1235,208-206-9848,bgillaspie@gillaspie.com,http://www.innerlabel.com,gillaspie.com,45
Raylene,Kampa,2 Sw Nyberg Rd,Elkhart,Elkhart,IN,2001-12-19,46514,574-499-1454,574-330-1884,rkampa@kampa.org,http://www.hermarinc.com,kampa.org,18
Flo,Bookamer,89992 E 15th St,Alliance,Box Butte,NE,1957-12-19,69301,308-726-2182,308-250-6987,flo.bookamer@cox.net,http://www.simontonhoweschneiderpc.com,cox.net,62
Jani,Biddy,61556 W 20th Ave,Seattle,King,WA,1966-08-07,98104,206-711-6498,206-395-6284,jbiddy@yahoo.com,http://www.warehouseofficepaperprod.com,yahoo.com,53
Chauncey,Motley,63 E Aurora Dr,Orlando,Orange,FL,2000-03-01,32804,407-413-4842,407-557-8857,chauncey_motley@aol.com,http://www.affiliatedwithtravelodge.com,aol.com,20
